Name,Korean,Category,Locality,Address,Confidence,NaverLink,Source
Weave Studios Dongdaemun East,,Places to stay,Seoul Dongdaemun-gu,서울특별시 동대문구 사가정로 109-1 위브스튜디오 동대문이스트,Check,https://map.naver.com/p/search/위브스튜디오%20동대문%20이스트,https://www.instagram.com/reel/DYFU7JiRca7/
Seomjingang Bike Path,,Biking Trip,"South Korea (Jeolla, ~300km route)",,Unresolved,https://map.naver.com/p/search/Seomjingang%20Bike%20Path,https://www.instagram.com/reel/DXoeapDDvqH/
Damyang bamboo forests,,Biking Trip,Damyang,,Unresolved,https://map.naver.com/p/search/Damyang%20bamboo%20forests,https://www.instagram.com/reel/DXoeapDDvqH/
Sunchang gochujang village,,Biking Trip,Sunchang,,Unresolved,https://map.naver.com/p/search/Sunchang%20gochujang%20village,https://www.instagram.com/reel/DXoeapDDvqH/
Jirisan National Park,,Biking Trip,Jirisan (Jeolla/Gyeongsang border),경상남도 하동군 화개면,Check,https://map.naver.com/p/search/지리산%20국립공원,https://www.instagram.com/reel/DXoeapDDvqH/
Hongdae,홍대,"HONGDAE, Walk",Seoul Mapo-gu,서울특별시 마포구 양화로 140 H-CUBE B2F,High,https://map.naver.com/p/search/루프캣미%20고양이카페%20홍대점,https://www.instagram.com/p/DXWTa0KDxtq/?img_index=6
Bukchon,북촌,Walk,Seoul Jongno-gu,서울특별시 종로구 계동길 37,High,https://map.naver.com/p/search/북촌%20한옥마을,https://www.instagram.com/p/DY9Qlk-lJ0S/?img_index=12
Gangnam,강남,Walk,Seoul Gangnam-gu,서울특별시 강남구 학동로 426 강남구청,High,https://map.naver.com/p/search/강남구청,https://www.instagram.com/p/DY9Qlk-lJ0S/?img_index=12
Cheonggyecheon,청계천,Walk,Seoul Jongno-gu / Jung-gu,서울특별시 종로구 창신동,High,https://map.naver.com/p/search/청계천,https://www.instagram.com/p/DY9Qlk-lJ0S/?img_index=12
Hahoe Folk Village,하회마을,Fireworks,"Andong, Gyeongsangbuk-do",경상북도 안동시 풍천면 전서로 186,High,https://map.naver.com/p/search/안동하회마을,https://www.instagram.com/reel/DXBBZ7dk1BQ/
Nopo,노포,Seoul Ikseon-Dong Nopo in Seoul,Seoul,부산광역시 금정구 남산로 13 서울깍두기 남산본점,Check,https://map.naver.com/p/search/서울깍두기%20남산본점,https://www.instagram.com/reel/DCHWJY7Bkk8/
makgeolli brewery (unnamed),,Distillery / Brewery Ki one distillery,Seoul,,Unresolved,https://map.naver.com/p/search/makgeolli%20brewery%20(unnamed),https://www.instagram.com/reel/DWMEpD4DzOd/
Gangjin,강진,Jeolla Province,"Gangjin County, South Jeolla Province",전라남도 강진군 강진읍 남성리 108-1,High,https://map.naver.com/p/search/강진군청,https://www.instagram.com/reel/DXqNvMPE7MR/
"Michelin Bib Gourmand 2026 (8 restaurants, unnamed)",,Mokpo province,Seoul / Busan,,Unresolved,"https://map.naver.com/p/search/Michelin%20Bib%20Gourmand%202026%20(8%20restaurants,%20unnamed)",https://www.instagram.com/p/DVe2Z18k69A/
Mokpo (Chef Kim Hayoun charcuterie),목포,Mokpo province,"Mokpo, South Jeolla",전라남도 목포시 양을로 203,High,https://map.naver.com/p/search/목포시청,https://www.instagram.com/reel/DXdDo9hkz4d/
Volare,,Pizza List,Seoul Seocho-gu,서울특별시 서초구 사평대로20길 8 성훈빌딩,Check,https://map.naver.com/p/search/볼라레,https://www.instagram.com/p/DVnHDNPDudB/?img_index=3
Vera,,Pizza List,Seoul Yongsan-gu,서울특별시 용산구 이태원로 272 3층 베라나폴리,Check,https://map.naver.com/p/search/베라나폴리,https://www.instagram.com/p/DVnHDNPDudB/?img_index=3
Pizzeria Da Ali,,Pizza List,Daejeon Yuseong-gu,대전광역시 유성구 지족로349번길 40-5,Check,https://map.naver.com/p/search/피제리아다알리,https://www.instagram.com/p/DVnHDNPDudB/?img_index=3
Panello,,Pizza List,Seoul Mapo-gu,서울특별시 마포구 어울마당로5길 29,Check,https://map.naver.com/p/search/빠넬로,https://www.instagram.com/p/DVnHDNPDudB/?img_index=3
Zione,,Pizza List,Daegu Nam-gu,대구광역시 남구 현충로 21,Check,https://map.naver.com/p/search/지오네%20키친,https://www.instagram.com/p/DVnHDNPDudB/?img_index=3
Piano,,Pizza List,"Donghae, Gangwon-do",강원특별자치도 동해시 동해대로 6270-18 2층피아노레스토랑,Check,https://map.naver.com/p/search/피아노%20레스토랑,https://www.instagram.com/p/DVnHDNPDudB/?img_index=3
Jootopia (Daegu),,Pizza List,Daegu Jung-gu,"141 Dongdeok-ro 30-gil, Dongin-dong, Jung-gu, Daegu",Unresolved,https://map.naver.com/p/search/Jootopia%20(Daegu),https://www.instagram.com/p/DVnHDNPDudB/?img_index=3
Jootopia (Seoul),,Pizza List,Seoul Seocho-gu,서울특별시 서초구 강남대로101안길 12 명성빌딩 1F Jootopia Seoul,High,https://map.naver.com/p/search/주토피아%20서울,https://www.instagram.com/p/DVnHDNPDudB/?img_index=3
Pizzeria Marione,,Pizza List,Seoul Mapo-gu,서울특별시 성동구 광나루로2길 23-1 1층,Check,https://map.naver.com/p/search/마리오네,https://www.instagram.com/p/DVnHDNPDudB/?img_index=3
Pizzeria Del Popolo,,Pizza List,"Goyang, Gyeonggi-do","경기도 고양시 일산동구 정발산로 43-20 센트럴플라자 102호, 103호",Check,https://map.naver.com/p/search/포폴로피자,https://www.instagram.com/p/DVnHDNPDudB/?img_index=3
Verde,,Pizza List,Incheon Jung-gu,광주광역시 북구 우치로100번길 61 1층 verde,High,https://map.naver.com/p/search/Verde,https://www.instagram.com/p/DVnHDNPDudB/?img_index=3
Pizzeria O,,Pizza List,Seoul Jongno-gu,"서울특별시 종로구 동숭길 86 2, 3층",Check,https://map.naver.com/p/search/핏제리아오%20대학로%20본점,https://www.instagram.com/p/DVnHDNPDudB/?img_index=3
Seongsu Baking Studio,,Bread baguette,Seoul Seongdong-gu,서울특별시 성동구 서울숲2길 46 B1층,Check,https://map.naver.com/p/search/성수%20베이킹%20스튜디오,https://www.instagram.com/reel/DWgQAzXD-RP/
Dooroomi,,Old village,Seoul Mapo-gu,서울특별시 마포구 동교로51길 129-10 두루미,Check,https://map.naver.com/p/search/두루미,https://www.instagram.com/reel/DYVvERpqscL/
Naganeupseong Folk Village,낙안읍성,Old village,"Suncheon (near Yeosu), South Jeolla",전라남도 순천시 낙안면 충민길 30,High,https://map.naver.com/p/search/순천%20낙안읍성,https://www.instagram.com/reel/DW_wUs7AFpm/
Suncheon Bay,순천만,Old village,"Suncheon, South Jeolla",전라남도 순천시 국가정원1호길 47,High,https://map.naver.com/p/search/순천만국가정원,https://www.instagram.com/reel/DW_wUs7AFpm/
Yeosu,여수,Old village,"Yeosu, South Jeolla",전라남도 여수시 시청로 1 여수시청 본청사,High,https://map.naver.com/p/search/여수시청%20본청,https://www.instagram.com/reel/DW_wUs7AFpm/
North Korean style steamed chicken restaurant (unnamed),,North korean food in Seoul,Seoul,,Unresolved,https://map.naver.com/p/search/North%20Korean%20style%20steamed%20chicken%20restaurant%20(unnamed),https://www.instagram.com/reel/DWAkfETjzm6/
GongHwaChun,공화춘,Jjajangmyeon,Incheon (Chinatown),인천광역시 중구 차이나타운로 43,High,https://map.naver.com/p/search/공화춘,https://www.instagram.com/reel/DQeQvaWDxNT/
Dalmaji Plaza BBQ Seongsu,달맞이광장바베큐 성수점,Fried chicken,Seoul Seongdong-gu,서울특별시 성동구 아차산로 82 1층,High,https://map.naver.com/p/search/달맞이광장바베큐%20성수점,https://www.instagram.com/reel/DW6V-ZcEXES/
Kyochon Pilbang,,Fried chicken,Seoul,서울특별시 용산구 보광로 127 유영빌딩,Check,https://map.naver.com/p/search/교촌필방,https://www.instagram.com/reel/DW1Q0ULu27p/
Myeongdong,명동,Fried chicken,Seoul Myeongdong,서울특별시 중구 남대문로9길 40 2층 206~209호,Check,https://map.naver.com/p/search/전설의우대갈비%20서울시청직영점,https://www.instagram.com/reel/DWmcV6MyJ7V/
Calm Seoul,,Wine bar Seoul,Seoul Yongsan-gu (Haebangchon),"97-3 Sinheung-ro, Yongsan-gu, Seoul",Unresolved,https://map.naver.com/p/search/Calm%20Seoul,https://www.instagram.com/reel/DWxRy5URy3q/
Shinheung Market,신흥시장,Wine bar Seoul,Seoul Yongsan-gu (Haebangchon),서울특별시 용산구 신흥로 95-9 2층,High,https://map.naver.com/p/search/해방촌%20신흥시장,https://www.instagram.com/reel/DWxRy5URy3q/
Haebangchon,해방촌,"Wine bar Seoul, Activities to do",Seoul Yongsan-gu,서울특별시 용산구 용산동2가,High,https://map.naver.com/p/search/해방촌,https://www.instagram.com/reel/DV3U9aMsTqi/
Viking's Wharf Jamsil Heritage Branch,,Buffet,Seoul Songpa-gu (Jamsil),"29 Sincheon-dong, Songpa-gu, Seoul, 4F",Unresolved,https://map.naver.com/p/search/Viking's%20Wharf%20Jamsil%20Heritage%20Branch,https://www.instagram.com/reel/DXt78KYgHjb/
Wumok,,Hanwoo,Seoul Gangnam-gu,서울특별시 강남구 언주로170길 22 지하 2층,Check,https://map.naver.com/p/search/한우오마카세%20우모크,https://www.instagram.com/reel/DW3qhI3xh5c/
Jeju Pork & Hanwoo Beef,,Hanwoo,Seoul Myeongdong,,Unresolved,https://map.naver.com/p/search/Jeju%20Pork%20&%20Hanwoo%20Beef,https://www.instagram.com/reel/DWd2pYvEVG9/
Hoonhoon Hotteok,,Hotteok,Seoul Mapo-gu (near Mangwon station),,Unresolved,https://map.naver.com/p/search/Hoonhoon%20Hotteok,https://www.instagram.com/reel/DS30tgVjDpz/
Dandi,,List of restaurants,Seoul,경상남도 창원시 성산구 원이대로 774 성원주상가 1층 18호,High,https://map.naver.com/p/search/DANDI,https://www.instagram.com/p/DXc6xlUjuvj/?img_index=9
Udarijip,烏達里家,List of restaurants,Seoul,,Unresolved,https://map.naver.com/p/search/烏達里家,https://www.instagram.com/p/DXc6xlUjuvj/?img_index=9
On6.5,,List of restaurants,Seoul,서울특별시 종로구 북촌로1길 28 지상1층 온6.5,Check,https://map.naver.com/p/search/온6.5,https://www.instagram.com/p/DXc6xlUjuvj/?img_index=9
Taecho Galbi,,"List of restaurants, Galbi",Seoul,서울특별시 중구 명동10길 18 6층 601호,Check,https://map.naver.com/p/search/태초갈비%20명동점,https://www.instagram.com/p/DXc6xlUjuvj/?img_index=9
Sosinisso,,List of restaurants,Seoul,,Unresolved,https://map.naver.com/p/search/Sosinisso,https://www.instagram.com/p/DXc6xlUjuvj/?img_index=9
Dobu,,List of restaurants,Seoul,"서울특별시 마포구 동교로51길 77-11 1층, 도부",Check,https://map.naver.com/p/search/도부,https://www.instagram.com/p/DXc6xlUjuvj/?img_index=9
Hujuk Hujuk,,List of restaurants,Seoul,,Unresolved,https://map.naver.com/p/search/Hujuk%20Hujuk,https://www.instagram.com/p/DXc6xlUjuvj/?img_index=9
Garlic Boy,,List of restaurants,Seoul,서울특별시 종로구 율곡로 59-1,Check,https://map.naver.com/p/search/갈릭보이%20안국,https://www.instagram.com/reel/DXQ-EnmARnu/
Yeonhaejang,,List of restaurants,Seoul,서울특별시 중구 다산로44길 90 1층 연해장,Check,https://map.naver.com/p/search/연해장,https://www.instagram.com/p/DXc6xlUjuvj/?img_index=9
Solsot,,List of restaurants,Seoul,서울특별시 용산구 이태원로54가길 26 지하 1층,Check,https://map.naver.com/p/search/솔솥%20한남점,https://www.instagram.com/p/DXc6xlUjuvj/?img_index=9
Jojo Kalguksu,,List of restaurants,Seoul,서울특별시 성동구 성수일로8길 55 1층,Check,https://map.naver.com/p/search/조조칼국수%20성수점,https://www.instagram.com/p/DXc6xlUjuvj/?img_index=9
Jangin Dakgalbi,,List of restaurants,Seoul,서울특별시 강남구 테헤란로1길 19,Check,https://map.naver.com/p/search/장인닭갈비%20강남점,https://www.instagram.com/reel/DXQ-EnmARnu/
Cheongsudang,,List of restaurants,Seoul,서울특별시 종로구 돈화문로11나길 31-9,Check,https://map.naver.com/p/search/청수당%20베이커리,https://www.instagram.com/reel/DXQ-EnmARnu/
Oreno Ramen,,List of restaurants,Seoul,서울특별시 마포구 독막로8길 16 1층 오레노라멘,Check,https://map.naver.com/p/search/오레노라멘%20본점,https://www.instagram.com/reel/DXQ-EnmARnu/
Salt Bread,,List of restaurants,Seoul,서울특별시 노원구 상계로12길 65 상가동 104호,Check,https://map.naver.com/p/search/솔트브레드,https://www.instagram.com/reel/DXQ-EnmARnu/
Bakery Abebe,,List of restaurants,Seoul,"서울특별시 종로구 청계천로 201 1, 2, 3층",Check,https://map.naver.com/p/search/아베베%20베이커리%20서울,https://www.instagram.com/reel/DXQ-EnmARnu/
Onion Cafe,,List of restaurants,Seoul,서울특별시 종로구 청계천로 215 1층(종로5가),Check,https://map.naver.com/p/search/어니언%20광장시장,https://www.instagram.com/reel/DXQ-EnmARnu/
Myeongdong Kyoja,,List of restaurants,Seoul Myeongdong,서울특별시 중구 명동10길 29,Check,https://map.naver.com/p/search/명동교자%20본점,https://www.instagram.com/reel/DXQ-EnmARnu/
Soha Salt Pond,,List of restaurants,Seoul,,Unresolved,https://map.naver.com/p/search/Soha%20Salt%20Pond,https://www.instagram.com/reel/DXQ-EnmARnu/
Gwangjang Market,광장시장,"List of restaurants, Activities to do",Seoul Jongno-gu,서울특별시 종로구 창경궁로 88,High,https://map.naver.com/p/search/광장시장,https://www.instagram.com/reel/DV3U9aMsTqi/
Gohyang Kalguksu,,List of restaurants,Seoul Jongno-gu (Gwangjang Market),광주광역시 북구 서하로 185 1층,Unresolved,https://map.naver.com/p/search/고향보쌈칼국수%20오치점,https://www.instagram.com/reel/DW3jVQ-CTJv/
Born & Bred,,List of restaurants,Seoul,서울특별시 성동구 마장로42길 1,Check,https://map.naver.com/p/search/본앤브레드%20신관,https://www.instagram.com/reel/DW3jVQ-CTJv/
Golden Pig,,List of restaurants,Seoul,서울특별시 금천구 가산디지털1로 225,Check,https://map.naver.com/p/search/골든피그에셋,https://www.instagram.com/reel/DW3jVQ-CTJv/
Imok Smoke Dining,,List of restaurants,Seoul,서울특별시 강남구 압구정로2길 6 지하1층,Check,https://map.naver.com/p/search/이목스모크다이닝,https://www.instagram.com/reel/DW3jVQ-CTJv/
Jayeondo Sogeumppang,자연도소금빵,List of restaurants,Seoul,서울특별시 종로구 수표로28길 21-17 1층,High,https://map.naver.com/p/search/자연도소금빵&amp;자연도가,https://www.instagram.com/reel/DW3jVQ-CTJv/
Apgujeong Gopchang,,List of restaurants,Seoul Gangnam-gu (Apgujeong),서울특별시 강남구 압구정로42길 25-8,Check,https://map.naver.com/p/search/압구정곱창,https://www.instagram.com/reel/DW3jVQ-CTJv/
Tosokchon Samgyetang,토속촌삼계탕,List of restaurants,Seoul Jongno-gu (Gyeongbokgung),서울특별시 종로구 자하문로5길 5 토속촌,High,https://map.naver.com/p/search/토속촌삼계탕,https://www.instagram.com/reel/DW3jVQ-CTJv/
Gebang Sikdang,,List of restaurants,Seoul,서울특별시 강남구 선릉로131길 17 1층,Check,https://map.naver.com/p/search/게방식당,https://www.instagram.com/reel/DW3jVQ-CTJv/
Evett,,List of restaurants,Seoul,서울특별시 강남구 도산대로45길 10-5 1층 EVETT,Check,https://map.naver.com/p/search/에빗,https://www.instagram.com/reel/DW3jVQ-CTJv/
Jeju Island,제주도,"List of restaurants, Jeju",Jeju,제주특별자치도 제주시 월성로4길 80 2층 보말한그릇 제주공항본점 보말칼국수,Check,https://map.naver.com/p/search/보말한그릇%20제주공항본점%20보말칼국수,https://www.instagram.com/reel/DWH1zCriSfM/
Tapa Copa,타파코파,List of restaurants,Seoul Yongsan-gu (Samgakji),서울특별시 용산구 한강대로54길 29 1층,High,https://map.naver.com/p/search/타파코파%20용산본점,https://www.facebook.com/reel/1292489509502537/
Daegu Sonmun Makchang Galmaegisal,대구손문막창갈매기살,List of restaurants,Seoul Yongsan-gu (Sinyongsan),서울특별시 용산구 새창로 213-9 1층,Check,https://map.naver.com/p/search/손문대구막창갈매기살%20용산%20본관점,https://www.facebook.com/reel/1292489509502537/
Matomi,마토미,List of restaurants,Seoul Yongsan-gu (Samgakji),서울특별시 용산구 한강대로 214-1 1층,High,https://map.naver.com/p/search/마토미,https://www.facebook.com/reel/1292489509502537/
Baekrang,백랑,List of restaurants,Seoul Yongsan-gu (Sinyongsan),서울특별시 용산구 한강대로15길 23 1층,High,https://map.naver.com/p/search/백랑,https://www.facebook.com/reel/1292489509502537/
Yangin Hwandae Geukjin,양인환대 극진,List of restaurants,Seoul Yongsan-gu (Sinyongsan),서울특별시 용산구 한강대로40길 14 지상1층 104호,High,https://map.naver.com/p/search/양인환대%20극진,https://www.facebook.com/reel/1292489509502537/
Yongsan Samgakji (Yongridangil),용산 삼각지 / 용리단길,List of restaurants,Seoul Yongsan-gu (Samgakji / Yongridangil),서울특별시 용산구 한강대로50길 25 지하1층,Check,https://map.naver.com/p/search/제주%20곁%20서울혼술바%20용리단길점,https://www.facebook.com/reel/1292489509502537/
National Museum of Korea,국립중앙박물관,Korea National Museum,Seoul (Yongsan-gu),서울특별시 용산구 서빙고로 137 국립중앙박물관,High,https://map.naver.com/p/search/투썸플레이스%20국립중앙박물관1점,https://www.instagram.com/p/DXblkyCD_Z5/?img_index=9
National Museum of Modern and Contemporary Art,국립현대미술관,Korea National Museum,Seoul,서울특별시 종로구 삼청로 30,High,https://map.naver.com/p/search/국립현대미술관%20서울,https://www.instagram.com/p/DWl8iErk97r/?img_index=4
Gyeongju National Museum,국립경주박물관,Korea National Museum,"Gyeongju, Gyeongsangbuk-do",경상북도 경주시 일정로 186,High,https://map.naver.com/p/search/이디야커피%20국립경주박물관점,https://www.instagram.com/p/DWl8iErk97r/?img_index=4
Gongju National Museum,국립공주박물관,Korea National Museum,"Gongju, Chungcheongnam-do",충청남도 공주시 관광단지길 34 국립공주박물관,High,https://map.naver.com/p/search/국립공주박물관,https://www.instagram.com/p/DWl8iErk97r/?img_index=4
Seoul Museum of Photography (Photo SeMA),,Museum,"Seoul (Dobong-gu, Chang-dong)","3-minute walk from Exit 1, Changdong Station (Lines 1 & 4)",Unresolved,https://map.naver.com/p/search/Seoul%20Museum%20of%20Photography%20(Photo%20SeMA),https://www.instagram.com/reel/DVGHu6KgXiC/
Noryangjin Underground Sewer,노량진 지하배수로,Activities to do,"Seoul (Noryangjin, Dongjak-gu)",서울특별시 동작구 노량진동 14-5,High,https://map.naver.com/p/search/노량진%20지하배수로,https://www.instagram.com/reel/DZHA6W2hl66/
Yoonseul: Manridong Reflecting Seoul,윤슬 서울을 비추는 만리동,Activities to do,"Seoul (Manri-dong, Jung-gu)",서울특별시 중구 퇴계로 33,High,https://map.naver.com/p/search/윤슬%20서울을%20비추는%20만리동,https://www.instagram.com/reel/DZHA6W2hl66/
Hongje Yuyeon,홍제유연,Activities to do,Seoul (Seodaemun-gu),,Unresolved,https://map.naver.com/p/search/홍제유연,https://www.instagram.com/reel/DZHA6W2hl66/
Seoul Botanic Park,서울식물원,Activities to do,"Seoul (Gangseo-gu, Magok)",서울특별시 강서구 마곡동로 161 서울식물원,High,https://map.naver.com/p/search/서울식물원,https://www.instagram.com/reel/DWWmskLjDoJ/
Ilsan Lake Park,,Activities to do,"Goyang, Gyeonggi-do (Ilsan)",경기도 고양시 일산동구 정발산로 43-20 10층 부페파크,Check,https://map.naver.com/p/search/부페파크,https://www.instagram.com/reel/DWWmskLjDoJ/
Seokchon Lake,석촌호수,Activities to do,Seoul (Songpa-gu),서울특별시 송파구 잠실동,High,https://map.naver.com/p/search/석촌호수,https://www.instagram.com/reel/DWWmskLjDoJ/
Bulgwangcheon Stream,불광천,Activities to do,Seoul (near Mangwon),"서울특별시 서대문구 거북골로 224 1층, 2층",High,https://map.naver.com/p/search/올댓커피%20불광천점,https://www.instagram.com/reel/DWWmskLjDoJ/
Jebudo Island,제부도,Activities to do,"Hwaseong, Gyeonggi-do",경기도 화성시 만세구 서신면 제부리,High,https://map.naver.com/p/search/제부도,https://www.instagram.com/reel/DWWmskLjDoJ/
Hongjecheon Artificial Waterfall,홍제폭포,Activities to do,"Seoul (Seodaemun-gu, near Ansan Mountain)",서울특별시 서대문구 연희로 262-37,High,https://map.naver.com/p/search/컴포즈커피%20홍제폭포점,https://www.instagram.com/reel/DWWmskLjDoJ/
Yangyang,양양,Activities to do,"Yangyang, Gangwon-do",강원특별자치도 양양군 양양읍 군청길 1 양양군청,High,https://map.naver.com/p/search/양양군청,https://www.instagram.com/reel/DWWmskLjDoJ/
Cheonggyecheon Stream,청계천,"Activities to do, Architecture, Bukchon Hanok Village",Seoul (Jongno-gu),서울특별시 종로구 창신동,High,https://map.naver.com/p/search/청계천,https://www.instagram.com/p/DXbaFwOE_AH/?img_index=12
Changdeokgung Secret Garden,창덕궁 후원,Activities to do,Seoul (Jongno-gu),서울특별시 종로구 율곡로 99 창덕궁,High,https://map.naver.com/p/search/창덕궁%20후원,https://www.instagram.com/reel/DWWmskLjDoJ/
Seoraksan National Park,설악산,Activities to do,Gangwon-do (Sokcho area),강원특별자치도 속초시 설악산로 833,High,https://map.naver.com/p/search/설악산국립공원,https://www.instagram.com/reel/DWWmskLjDoJ/
Wansan Park,완산공원,Activities to do,"Jeonju, Jeollabuk-do",전북특별자치도 전주시 완산구 동완산동 612,High,https://map.naver.com/p/search/완산공원,https://www.instagram.com/reel/DWWmskLjDoJ/
Jeonju Hanok Village,전주한옥마을,Activities to do,"Jeonju, Jeollabuk-do",전북특별자치도 전주시 완산구 기린대로 99,High,https://map.naver.com/p/search/전주%20한옥마을,https://www.instagram.com/reel/DWWmskLjDoJ/
Seoul Forest,서울숲,Activities to do,Seoul (Seongdong-gu),서울특별시 성동구 뚝섬로 273,High,https://map.naver.com/p/search/서울숲,https://www.instagram.com/reel/DWWmskLjDoJ/
Gyeongpoho Lake,경포호,Activities to do,"Gangneung, Gangwon-do",강원특별자치도 강릉시 저동,High,https://map.naver.com/p/search/경포호,https://www.instagram.com/reel/DWWmskLjDoJ/
Arte Museum Gangneung,아르떼뮤지엄 강릉,Activities to do,"Gangneung, Gangwon-do",강원특별자치도 강릉시 난설헌로 131,High,https://map.naver.com/p/search/아르떼뮤지엄%20강릉,https://www.instagram.com/reel/DWWmskLjDoJ/
Skybay Hotel,,Activities to do,"Gangneung, Gangwon-do",강원특별자치도 강릉시 해안로 476 스카이베이호텔 경포,Check,https://map.naver.com/p/search/스카이베이호텔%20경포,https://www.instagram.com/reel/DWWmskLjDoJ/
Hongneung Forest,홍릉숲,Activities to do,Seoul (Dongdaemun-gu),서울특별시 동대문구 회기로 57,High,https://map.naver.com/p/search/홍릉시험림(홍릉숲),https://www.instagram.com/p/DW_HGIGkSeI/?img_index=6
Hannam-dong,한남동,Activities to do,Seoul (Yongsan-gu),"서울특별시 용산구 대사관로5길 1 한남동주민센터, 어린이집",High,https://map.naver.com/p/search/한남동%20주민센터,https://www.instagram.com/reel/DV3U9aMsTqi/
Mangwon Market,망원시장,Activities to do,Seoul (Mapo-gu),서울특별시 마포구 월드컵로13길 13 2층,High,https://map.naver.com/p/search/스시벅스%20망원시장점,https://www.instagram.com/reel/DV3U9aMsTqi/
Lotte World,롯데월드,"Activities to do, Architecture","Seoul (Songpa-gu, Jamsil)",서울특별시 송파구 올림픽로 300 롯데월드몰 5층,High,https://map.naver.com/p/search/분지로%20롯데월드몰점,https://www.instagram.com/p/DXbaFwOE_AH/?img_index=12
Starfield Library Suwon,스타필드 수원 별마당 도서관,"DAYTRIPS, Activities to do","Suwon, Gyeonggi-do",경기도 수원시 장안구 수성로 175,Check,https://map.naver.com/p/search/별마당도서관%20스타필드수원점,https://www.instagram.com/reel/DV3U9aMsTqi/
Huinnyeoul Culture Village,흰여울문화마을,Activities to do,Busan (Yeongdo-gu),부산광역시 영도구 영선동4가 605-3,High,https://map.naver.com/p/search/흰여울문화마을,https://www.instagram.com/reel/DV3U9aMsTqi/
South Korea,,Activities to do,South Korea,서울특별시 종로구 종로 68 2층,Check,https://map.naver.com/p/search/씨아이이이%20사우스코리아,https://www.instagram.com/p/DWTsQNSjAcb/?img_index=6
The Garden of Morning Calm,아침고요수목원,DAYTRIPS,"Gapyeong, Gyeonggi-do",경기도 가평군 상면 수목원로 432,High,https://map.naver.com/p/search/아침고요수목원,https://www.instagram.com/reel/DXmSdgkkSQ8/
Museum SAN,뮤지엄 산,DAYTRIPS,"Wonju, Gangwon-do",경기도 파주시 탄현면 평화로 885-18 산내음,Check,https://map.naver.com/p/search/산내음%20파주본점,https://www.instagram.com/reel/DXmSdgkkSQ8/
Les Jardins de Medongaule,,"DAYTRIPS, Architecture","Yangpyeong area, Gyeonggi-do",경기도 양평군 양동면 메덩골길 1 주차장(입구),Check,https://map.naver.com/p/search/메덩골정원,https://www.instagram.com/reel/DXmSdgkkSQ8/
Lee Jaehyo Gallery,이재효 갤러리,DAYTRIPS,"Yangpyeong area, Gyeonggi-do",경기도 양평군 지평면 초천길 83-22 이재효갤러리,High,https://map.naver.com/p/search/이재효갤러리,https://www.instagram.com/reel/DXmSdgkkSQ8/
Dumulmeori,두물머리,DAYTRIPS,"Yangpyeong, Gyeonggi-do",경기도 양평군 양서면 양수리,High,https://map.naver.com/p/search/두물머리,https://www.instagram.com/reel/DXmSdgkkSQ8/
Nami Island,남이섬,DAYTRIPS,"Chuncheon / Gapyeong, Gangwon-do",강원특별자치도 춘천시 남산면 남이섬길 1,High,https://map.naver.com/p/search/남이섬,https://www.instagram.com/reel/DW3Y1URkywP/
Busan,부산,DAYTRIPS,Busan,부산광역시 연제구 중앙대로 1001 부산광역시청,High,https://map.naver.com/p/search/부산광역시청,https://www.instagram.com/reel/DW3Y1URkywP/
Gamcheon Culture Village,감천문화마을,DAYTRIPS,Busan (Saha-gu),부산광역시 사하구 감내2로 203 감천문화마을안내센터,High,https://map.naver.com/p/search/감천문화마을,https://www.instagram.com/reel/DW3Y1URkywP/
Gyeongju,경주,DAYTRIPS,"Gyeongju, Gyeongsangbuk-do",경상북도 경주시 양정로 260 경주시청,High,https://map.naver.com/p/search/경주시청,https://www.instagram.com/reel/DW3Y1URkywP/
Donggung Palace & Wolji Pond,동궁과 월지,"DAYTRIPS, Gyeongju, Architecture","Gyeongju, Gyeongsangbuk-do",경상북도 경주시 원화로 102 안압지,High,https://map.naver.com/p/search/동궁과%20월지,https://www.instagram.com/p/DYJ7QeyEoD3/?img_index=6
Suwon Hwaseong Fortress,수원 화성,DAYTRIPS,"Suwon, Gyeonggi-do",경기도 수원시 장안구 영화동 320-2,High,https://map.naver.com/p/search/수원화성,https://www.instagram.com/reel/DW3Y1URkywP/
Hwadam Forest,화담숲,DAYTRIPS,"Gwangju, Gyeonggi-do",경기도 광주시 도척면 도척윗로 278-1,High,https://map.naver.com/p/search/화담숲,https://www.instagram.com/reel/DW3Y1URkywP/
Kkangtong Dumpling,깡통만두,Bukchon Hanok Village,"Seoul (Bukchon, Jongno-gu)",서울특별시 종로구 북촌로2길 5-6 1층,High,https://map.naver.com/p/search/깡통만두,https://www.instagram.com/reel/DXyi85gvkS3/
Artist Bakery,아티스트 베이커리,Bukchon Hanok Village,"Seoul (Bukchon, Jongno-gu)",서울특별시 종로구 율곡로 45 1층,High,https://map.naver.com/p/search/아티스트베이커리%20안국,https://www.instagram.com/reel/DXyi85gvkS3/
OIMU Bukchon,오이뮤 북촌,"Bukchon Hanok Village, Garden Festival","Seoul (Bukchon, Jongno-gu)",서울특별시 종로구 윤보선길 65 1층,High,https://map.naver.com/p/search/오이뮤%20북촌,https://www.instagram.com/p/DXYGv7Yk3ST/
Boobing Gahoe Branch,부빙 북촌점,Bukchon Hanok Village,"Seoul (Gahoe-dong, Jongno-gu)",서울특별시 종로구 북촌로7길 3-4,High,https://map.naver.com/p/search/부빙,https://www.instagram.com/reel/DXyi85gvkS3/
Samcheongdong Hotteok,삼청동호떡,Bukchon Hanok Village,"Seoul (Samcheong-dong, Jongno-gu)",서울특별시 종로구 율곡로3길 82-6,High,https://map.naver.com/p/search/삼청동호떡,https://www.instagram.com/reel/DXyi85gvkS3/
Rewind Cafe,리와인드,Bukchon Hanok Village,"Seoul (Bukchon, Jongno-gu)",서울특별시 종로구 율곡로 33 2F,High,https://map.naver.com/p/search/리와인드%20서울,https://www.instagram.com/reel/DXyi85gvkS3/
Hayeon-Ok,,Nengmyeon,"Jinju, Gyeongsangnam-do",,Unresolved,https://map.naver.com/p/search/Hayeon-Ok,https://www.instagram.com/reel/DX0LGoJzmgp/
Nishimuramen,,Ramen,Seoul (Mapo-gu),"265 Donggyo-ro, 4th floor, Mapo-gu, Seoul (서울특별시 마포구 동교로 265 4층)",Unresolved,https://map.naver.com/p/search/Nishimuramen,https://www.instagram.com/reel/DX9hujuqfpR/
Jinmi Sikdang,,Crab!,Seoul,서울특별시 마포구 마포대로 186-6,Check,https://map.naver.com/p/search/진미식당,https://www.instagram.com/reel/DWm9zrIkz6v/
Odarijip,,Crab!,"Mapo-gu, Seoul (near Hongik Univ. Station exit 9)",서울특별시 강남구 논현로94길 5 2층,Check,https://map.naver.com/p/search/오다리집%20간장게장%20역삼2호점,https://www.instagram.com/reel/DWgLJq4Enbd/
Sancho,산초,Crab!,"Gangnam-gu, Seoul (10-min walk from Gangnam-gu Office Station)",서울특별시 강남구 도산대로46길 11 1층 102호,High,https://map.naver.com/p/search/산초,https://www.instagram.com/reel/DYjWoosTPUL/
Seosulla-gil,서순라길,Seosulla-gil,"Jongno-gu, Seoul",서울특별시 종로구 권농동,High,https://map.naver.com/p/search/서순라길,https://www.instagram.com/reel/DXyroD4Tsb9/
Zion Jongno,,Seosulla-gil,"Jongno-gu, Seoul",,Unresolved,https://map.naver.com/p/search/Zion%20Jongno,https://www.instagram.com/reel/DXyroD4Tsb9/
Unpage (by Unspecialty),,Cafe,"Hannam-dong, Yongsan-gu, Seoul",서울특별시 용산구 한남대로27가길 13 2층,Check,https://map.naver.com/p/search/언페이지,https://www.instagram.com/reel/DXo51JJj1V-/
Seonungak,선운각,Cafe,"Uidong, Gangbuk-gu, Seoul",서울특별시 강북구 삼양로173길 223 선운각,High,https://map.naver.com/p/search/선운각,https://www.instagram.com/reel/DXO8d3OEzRz/
Mil Toast Ikseon,밀토스트 익선점,Cafe,"Jongno-gu (Ikseon-dong), Seoul",서울특별시 종로구 수표로28길 30-3 1층 밀토스트,High,https://map.naver.com/p/search/밀토스트%20익선점,https://www.instagram.com/reel/DXLC3x6EwZ6/
Lowkey Coffee,로우키 커피,Cafe,"Seongsu, Seoul","서울특별시 성동구 연무장3길 6 1층, B1층",High,https://map.naver.com/p/search/로우키,https://www.instagram.com/p/DWc_dxZksMO/?img_index=4
Pin Coffee,핀커피,Cafe,"Guui-dong, Gwangjin-gu, Seoul",서울특별시 광진구 아차산로 413-6,High,https://map.naver.com/p/search/핀커피,https://www.instagram.com/p/DWc_dxZksMO/?img_index=4
Fritz Coffee Company Wonseo,프릳츠 원서점,Cafe,"Wonseo-dong, Jongno-gu, Seoul",서울특별시 종로구 율곡로 83 아라리오 뮤지엄,High,https://map.naver.com/p/search/프릳츠%20원서점,https://www.instagram.com/p/DWc_dxZksMO/?img_index=4
Protokoll,프로토콜,Cafe,"Sangsu / Hapjeong, Seoul",서울특별시 서대문구 연희로 109 2층,High,https://map.naver.com/p/search/프로토콜%20연희점,https://www.instagram.com/p/DWc_dxZksMO/?img_index=4
Sami Coffee,사미커피,Cafe,"Jongno (near Dongdaemun), Seoul",서울특별시 종로구 종로41길 17 1층,High,https://map.naver.com/p/search/사미커피,https://www.instagram.com/p/DWc_dxZksMO/?img_index=4
Perception Coffee,퍼셉션 커피,Cafe,"Hapjeong, Seoul",서울특별시 마포구 어울마당로1길 16 1층,Check,https://map.naver.com/p/search/퍼셉션%20합정,https://www.instagram.com/p/DWc_dxZksMO/?img_index=4
Coffee Nap Roasters,커피냅 로스터스,Cafe,"Yeonnam-dong, Seoul",서울특별시 마포구 성미산로27길 70,High,https://map.naver.com/p/search/커피냅로스터스%20연남동,https://www.instagram.com/p/DWc_dxZksMO/?img_index=4
Upstanding Coffee,,Cafe,"Yongsan, Seoul",서울특별시 용산구 신흥로 99-11 Upstanding Coffee,Check,https://map.naver.com/p/search/업스탠딩,https://www.instagram.com/p/DWc_dxZksMO/?img_index=4
Kotton.Seoul,코튼서울,Cafe,"Insadong, Seoul",서울특별시 종로구 인사동12길 17 1층 코튼서울,High,https://map.naver.com/p/search/코튼서울,https://www.instagram.com/p/DWc_dxZksMO/?img_index=4
Cafe 1 In 1 Jan,,Cafe,"Jingwan-dong, Eunpyeong-gu, Seoul (Eunpyeong Hanok Village)","534 Yeonseo-ro, Jingwan-dong, Eunpyeong-gu, Seoul",Unresolved,https://map.naver.com/p/search/Cafe%201%20In%201%20Jan,https://www.instagram.com/reel/DUa1imDDZ1j/
Cafe Pokpo,카페폭포,Cafe,"Seodaemun-gu, Seoul",서울특별시 서대문구 연희로 262-24,High,https://map.naver.com/p/search/카페폭포,https://www.instagram.com/reel/DUa1imDDZ1j/
Cheongsudang Bakery,,"IKSON-DONG, Cafe","Ikseon-dong, Jongno-gu, Seoul",서울특별시 종로구 돈화문로11나길 31-9,Check,https://map.naver.com/p/search/청수당%20베이커리,https://www.instagram.com/reel/DXYh1CLD3Z8/
Antique Coffee,,Cafe,"Jamsil, Songpa-gu, Seoul",서울특별시 마포구 연희로 25-1 1층 앤티크커피,Check,https://map.naver.com/p/search/앤티크커피%20연남점,https://www.instagram.com/reel/DUa1imDDZ1j/
Cafe Onion (Anguk),,Cafe,"Anguk, Jongno-gu, Seoul","5 Gyedong-gil, Jongno-gu, Seoul",Unresolved,https://map.naver.com/p/search/Cafe%20Onion%20(Anguk),https://www.instagram.com/reel/DUa1imDDZ1j/
Thesogno,,Shopping,"Sinsa-dong, Gangnam-gu, Seoul (near Apgujeong Rodeo)",서울특별시 강남구 언주로172길 36 1층,Check,https://map.naver.com/p/search/더소뇨%20강남점,https://www.instagram.com/reel/DVlMCHcD_gR/
Hantangang Jusangjeolli Trail,,Choerwon,"Cheorwon, Gangwon-do",,Unresolved,https://map.naver.com/p/search/Hantangang%20Jusangjeolli%20Trail,https://www.instagram.com/reel/DYeRNiaCBkD/
Goseokjeong,,Choerwon,"Cheorwon, Gangwon-do",강원특별자치도 철원군 동송읍 태봉로 1825,Check,https://map.naver.com/p/search/고석정,https://www.instagram.com/reel/DYeRNiaCBkD/
Cheorwon Makguksu,,Choerwon,"Cheorwon, Gangwon-do",,Unresolved,https://map.naver.com/p/search/Cheorwon%20Makguksu,https://www.instagram.com/reel/DYeRNiaCBkD/
Skyline Luge Busan,,Busan,"Gijang-gun, Busan",부산광역시 기장군 기장읍 기장해안로 205,Check,https://map.naver.com/p/search/스카이라인루지%20부산,https://www.instagram.com/reel/DVV5CZtERq6/
Gyeongju,,Gyeongju,"Gyeongju, North Gyeongsang Province",경상북도 경주시 원화로 294,Check,https://map.naver.com/p/search/경주이주노동자센터,https://www.instagram.com/p/DYJ7QeyEoD3/?img_index=6
Hwangridan-gil,,Gyeongju,Gyeongju,경상북도 경주시 사정로57번길 7 외가,Check,https://map.naver.com/p/search/외가%20황리단길본점,https://www.instagram.com/p/DYJ7QeyEoD3/?img_index=6
Tumuli Park,,Gyeongju,Gyeongju,,Unresolved,https://map.naver.com/p/search/Tumuli%20Park,https://www.instagram.com/p/DYJ7QeyEoD3/?img_index=6
Cakebite,,Gyeongju,Gyeongju,경상북도 경주시 태종로 751 1층 케이크한입,Check,https://map.naver.com/p/search/케이크한입%20황리단길점,https://www.instagram.com/p/DYJ7QeyEoD3/?img_index=6
Cheomseongdae,,Gyeongju,Gyeongju,경상북도 경주시 인왕동 839-1,Check,https://map.naver.com/p/search/첨성대,https://www.instagram.com/p/DYJ7QeyEoD3/?img_index=6
Seonhwa,,Gyeongju,Gyeongju,경상북도 경주시 태종로 736-3 선화,Check,https://map.naver.com/p/search/선화,https://www.instagram.com/p/DYJ7QeyEoD3/?img_index=6
Gyerim Forest,,Gyeongju,Gyeongju,,Unresolved,https://map.naver.com/p/search/Gyerim%20Forest,https://www.instagram.com/p/DYJ7QeyEoD3/?img_index=6
Hoof Hoof,,Gyeongju,Gyeongju,서울특별시 성동구 성수일로8길 5 A-401,Unresolved,https://map.naver.com/p/search/후프코퍼레이션,https://www.instagram.com/p/DYJ7QeyEoD3/?img_index=6
Skunkworks,,Gyeongju,Gyeongju,경상북도 경주시 포석로 1058-3 스컹크웍스,Check,https://map.naver.com/p/search/스컹크웍스,https://www.instagram.com/p/DYJ7QeyEoD3/?img_index=6
Hwangnyongsa Hall,,Gyeongju,Gyeongju,,Unresolved,https://map.naver.com/p/search/Hwangnyongsa%20Hall,https://www.instagram.com/p/DYJ7QeyEoD3/?img_index=6
Jungdo Tower,,Gyeongju,Gyeongju,,Unresolved,https://map.naver.com/p/search/Jungdo%20Tower,https://www.instagram.com/p/DYJ7QeyEoD3/?img_index=6
Bomun Lake,,Gyeongju,Gyeongju,경상북도 경주시 신평동,Check,https://map.naver.com/p/search/보문호,https://www.instagram.com/p/DYJ7QeyEoD3/?img_index=6
Gyeongju World,,Gyeongju,Gyeongju,경상북도 경주시 보문로 544,Check,https://map.naver.com/p/search/경주월드,https://www.instagram.com/p/DYJ7QeyEoD3/?img_index=6
Gyeongju Shim Cafe,,Gyeongju,Gyeongju,,Unresolved,https://map.naver.com/p/search/Gyeongju%20Shim%20Cafe,https://www.instagram.com/p/DYJ7QeyEoD3/?img_index=6
Saltimbocca Seoul,,Italian Food,"Namyeong, Seoul",,Unresolved,https://map.naver.com/p/search/Saltimbocca%20Seoul,https://www.instagram.com/reel/DVJ_dkwDBma/
Gijang,,Grilled Eel gijang north of busan,"Gijang-gun, Busan area (north of Busan)",부산광역시 기장군 기장읍 차성동로 58,Check,https://map.naver.com/p/search/기장교회,https://www.instagram.com/reel/DX73AeFzfyV/
Unagi Kyodai,우나기쿄다이,Grilled Eel gijang north of busan,"Gwanak-gu, Seoul (near Seoul National University Station)",서울특별시 관악구 청룡1길 16 101호,High,https://map.naver.com/p/search/우나기쿄다이,https://www.instagram.com/reel/DWp_wqLCTKn/
Hyunsunine,,Yongsan,"Yongsan, Seoul",서울특별시 용산구 한강대로39길 2-13,Check,https://map.naver.com/p/search/현선이네%20용산본점,https://www.instagram.com/reel/DX88Mq5Jgyw/
Leeum Museum of Art,리움미술관,Architecture,"Hannam-dong, Yongsan-gu, Seoul",서울특별시 용산구 이태원로55길 60-16 리움미술관 로비 지하3층,High,https://map.naver.com/p/search/카멜커피%20리움미술관점,https://www.instagram.com/p/DXbaFwOE_AH/?img_index=12
JUUN.J Dosan Flagship,준지 도산 플래그십,Architecture,"Dosan / Gangnam, Seoul",서울특별시 강남구 언주로164길 23 (신사동) 준지 도산 플래그쉽스토어,High,https://map.naver.com/p/search/준지%20도산%20플래그십%20스토어,https://www.instagram.com/p/DXT5NWKEhQY/?img_index=5
SongEun Art and Cultural Foundation,송은,Architecture,"Cheongdam, Seoul",서울특별시 강남구 도산대로 441,High,https://map.naver.com/p/search/송은,https://www.instagram.com/p/DXT5NWKEhQY/?img_index=5
025S,025S 성수,Architecture,"Seongsu, Seoul",서울특별시 성동구 왕십리로14길 20,Check,https://map.naver.com/p/search/포인트투파이브세컨드%20성수%20하우스,https://www.instagram.com/p/DXT5NWKEhQY/?img_index=5
Audeum Audio Museum,오디움,Architecture,Seoul,서울특별시 서초구 헌릉로8길 6,High,https://map.naver.com/p/search/오디움,https://www.instagram.com/p/DXT5NWKEhQY/?img_index=5
Dongdaemun Design Plaza (DDP),동대문디자인플라자,Architecture,"Dongdaemun, Seoul",서울특별시 중구 을지로 281,High,https://map.naver.com/p/search/동대문디자인플라자,https://www.instagram.com/p/DXT5NWKEhQY/?img_index=5
Seoul,,Architecture,Seoul,서울특별시 송파구,Check,https://map.naver.com/p/search/서울석촌동고분군,https://www.instagram.com/reel/DXgjNheE-jG/
Haus Nowhere Seoul,,Architecture,Seoul,서울특별시 성동구 뚝섬로 433,Check,https://map.naver.com/p/search/하우스%20노웨어%20서울,https://www.instagram.com/p/DXbaFwOE_AH/?img_index=12
Dongdaemun Design Plaza (DDP),,Architecture,"Dongdaemun, Seoul",서울특별시 중구 을지로 281,Check,https://map.naver.com/p/search/동대문디자인플라자,https://www.instagram.com/p/DXbaFwOE_AH/?img_index=12
Club Chroma,,Architecture,Seoul,인천광역시 중구 영종해안남로321번길 186 파라다이스시티 크로마,Unresolved,https://map.naver.com/p/search/클럽%20크로마,https://www.instagram.com/p/DXbaFwOE_AH/?img_index=12
Starfield Library,,Architecture,Seoul (Starfield COEX Mall),경기도 고양시 덕양구 통일로 140 삼송태크노밸리 B동 238호,Unresolved,https://map.naver.com/p/search/예지닷컴,https://www.instagram.com/p/DXbaFwOE_AH/?img_index=12
GT Tower,,Architecture,Seoul,서울특별시 서초구 서초대로 411,Check,https://map.naver.com/p/search/지티타워약국,https://www.instagram.com/p/DXbaFwOE_AH/?img_index=12
Seosomun Shrine History Museum,,Architecture,Seoul,,Unresolved,https://map.naver.com/p/search/Seosomun%20Shrine%20History%20Museum,https://www.instagram.com/p/DXbaFwOE_AH/?img_index=12
Namsan Tower (Namsan Park),,Architecture,"Namsan Park, Seoul",,Unresolved,https://map.naver.com/p/search/Namsan%20Tower%20(Namsan%20Park),https://www.instagram.com/p/DXbaFwOE_AH/?img_index=12
Yoonseul: Manridong Reflecting Seoul,윤슬,Architecture,"Manri-dong, Seoul (near Seoul Station)",서울특별시 중구 세종대로 14 그랜드센트럴 1층,High,https://map.naver.com/p/search/윤슬,https://www.instagram.com/p/DXbaFwOE_AH/?img_index=12
Ewha Womans University,,Architecture,"Seodaemun-gu, Seoul",서울특별시 서대문구 이화여대길 52,Check,https://map.naver.com/p/search/이화여자대학교,https://www.instagram.com/p/DXbaFwOE_AH/?img_index=12
Gangnam Station Exit 9,,Architecture,"Gangnam, Seoul",,Unresolved,https://map.naver.com/p/search/Gangnam%20Station%20Exit%209,https://www.instagram.com/p/DXbaFwOE_AH/?img_index=12
National Museum of Korea,,Architecture,"Yongsan-gu, Seoul",서울특별시 종로구 효자로 12 국립고궁박물관,Check,https://map.naver.com/p/search/국립고궁박물관,https://www.instagram.com/p/DXbaFwOE_AH/?img_index=12
Itami Jun Museum,,"Jeju, Architecture","Hallim, Jeju",제주특별자치도 제주시 한림읍 용금로 906-10 유동룡미술관(ITAMI JUN MUSEUM),Check,https://map.naver.com/p/search/유동룡미술관,https://www.instagram.com/reel/DYEgLnZNw_u/
Breath Coffee Works,,Architecture,Ha-dong / Gyeongju,경상북도 경주시 보불로 204-8 브레스커피웍스,Check,https://map.naver.com/p/search/브레스커피웍스,https://www.instagram.com/p/DXeKplTjCJx/?img_index=4
Audeum Audio Museum,,Architecture,"Sinwon, Seoul",,Unresolved,https://map.naver.com/p/search/Audeum%20Audio%20Museum,https://www.instagram.com/p/DWi4jxfiVaL/?img_index=3
LG Arts Center Seoul,,Architecture,"Magok, Seoul",서울특별시 강서구 마곡중앙로 136 LG아트센터 서울,Check,https://map.naver.com/p/search/LG아트센터%20서울,https://www.instagram.com/p/DWi4jxfiVaL/?img_index=3
MMCA (National Museum of Modern and Contemporary Art),,Architecture,"Samcheong, Seoul",,Unresolved,https://map.naver.com/p/search/MMCA%20(National%20Museum%20of%20Modern%20and%20Contemporary%20Art),https://www.instagram.com/p/DWi4jxfiVaL/?img_index=3
Yuji Coffee Works,,Architecture,"Orai, Jeju",제주특별자치도 제주시 오남로 297 유지커피웍스,Check,https://map.naver.com/p/search/유지커피웍스,https://www.instagram.com/p/DWi4jxfiVaL/?img_index=3
025S,,Architecture,"Seongsu, Seoul",서울특별시 성동구 왕십리로14길 20,Check,https://map.naver.com/p/search/포인트투파이브세컨드%20성수%20하우스,https://www.instagram.com/p/DWi4jxfiVaL/?img_index=3
Infilm,,Architecture,between Busan & Seoul,서울특별시 마포구 월드컵로3길 31-32 2층,Check,https://map.naver.com/p/search/필름인필터,https://www.instagram.com/p/DXeKplTjCJx/?img_index=4
Kansong Art Museum,,Architecture,Daegu,대구광역시 수성구 미술관로 70 대구간송미술관,Check,https://map.naver.com/p/search/대구간송미술관,https://www.instagram.com/p/DXeKplTjCJx/?img_index=4
MYOUN,,Architecture,between Busan & Seoul,서울특별시 동대문구 제기로 19-10 3층 302호,High,https://map.naver.com/p/search/묘운MYOUN,https://www.instagram.com/p/DXeKplTjCJx/?img_index=4
SIHOJAE,,Architecture,between Busan & Seoul,경상북도 칠곡군 석적읍 망정1길 11-21 시호재,Unresolved,https://map.naver.com/p/search/시호재&amp;시차,https://www.instagram.com/p/DXeKplTjCJx/?img_index=4
SAYUWON,,Architecture,between Busan & Seoul,대구광역시 군위군 부계면 치산효령로 1150 사유원 제1주차장 치허문,Unresolved,https://map.naver.com/p/search/사유원,https://www.instagram.com/p/DXeKplTjCJx/?img_index=4
Byeongsanseowon Confucian Academy,,Architecture,Andong area,,Unresolved,https://map.naver.com/p/search/Byeongsanseowon%20Confucian%20Academy,https://www.instagram.com/p/DXeKplTjCJx/?img_index=4
Danyang Guinsa Temple,,Architecture,Danyang,,Unresolved,https://map.naver.com/p/search/Danyang%20Guinsa%20Temple,https://www.instagram.com/p/DXeKplTjCJx/?img_index=4
Concretewall,,Architecture,between Busan & Seoul,충청북도 제천시 금성면 청풍호로 1566 콘크리트월,Unresolved,https://map.naver.com/p/search/콘크리트월,https://www.instagram.com/p/DXeKplTjCJx/?img_index=4
Museum SAN,,Architecture,"Wonju, Gangwon",강원특별자치도 원주시 지정면 오크밸리2길 260 뮤지엄산,Check,https://map.naver.com/p/search/뮤지엄산,https://www.instagram.com/p/DXeKplTjCJx/?img_index=4
025S (Two Point Five Second),,Architecture,"Seongsu, Seoul",,Unresolved,https://map.naver.com/p/search/025S%20(Two%20Point%20Five%20Second),https://www.instagram.com/p/DZD4-dzDSTT/?img_index=5
Yoonseul: Manridong Reflecting Seoul,,Architecture,"Manri-dong, Seoul (outside Seoul Station)",,Unresolved,https://map.naver.com/p/search/Yoonseul:%20Manridong%20Reflecting%20Seoul,https://www.instagram.com/p/DZD4-dzDSTT/?img_index=5
Inwangsan shelter in the woods,,Architecture,"Inwangsan, Seoul",,Unresolved,https://map.naver.com/p/search/Inwangsan%20shelter%20in%20the%20woods,https://www.instagram.com/p/DZD4-dzDSTT/?img_index=5
Sancheong Sutbul Garden,산청 숯불가든,Seoul BBQ,Seoul,서울특별시 중구 을지로 114-6 1층,High,https://map.naver.com/p/search/산청숯불가든%20을지로,https://www.instagram.com/reel/DVI_d-VD4Y-/
Myeongsojip,명소집,Seoul BBQ,"Myeongdong, Jung-gu, Seoul (172m from Myeongdong Station Exit 3)","서울특별시 중구 퇴계로20길 13 1,2층",High,https://map.naver.com/p/search/명소집,https://www.instagram.com/reel/DXk1K2Tk5kS/
Geumsan,,Bread2,"Geumsan, South Chungcheong Province",서울특별시 동대문구 약령시로21길 30,Check,https://map.naver.com/p/search/금산식당,https://www.instagram.com/reel/DXN7Kisk6B1/
Ttukseom Hangang Park,,"Han River, Garden Festival",Seoul (Han River / Ttukseom),서울특별시 광진구 자양동 704-1,Check,https://map.naver.com/p/search/뚝섬한강공원,https://www.instagram.com/reel/DXL-a8ND33k/
Han River,한강,Han River,Seoul,서울특별시 영등포구 여의동로 300-2,High,https://map.naver.com/p/search/한강,https://www.instagram.com/reel/DXL-a8ND33k/
Number one Filipino restaurant in Korea (unnamed),,Filipino Restaurant,Korea,,Unresolved,https://map.naver.com/p/search/Number%20one%20Filipino%20restaurant%20in%20Korea%20(unnamed),https://www.facebook.com/reel/1147537077460850/
Hannamdong Hanbang Tongdak,한남동한방통닭,KOREA ROAST CHICKEN,"Hannam-dong, Yongsan-gu, Seoul","서울특별시 용산구 대사관로34길 12 1, 2층",High,https://map.naver.com/p/search/한남동한방통닭,https://www.instagram.com/reel/DXVfTIljtrD/
The Grazing Pig,풀뜯는 돼지,HONGDAE,"Hongdae, Mapo-gu, Seoul",서울특별시 마포구 동교로32길 7 1층 풀뜯는돼지,High,https://map.naver.com/p/search/풀뜯는돼지,https://www.instagram.com/p/DXWTa0KDxtq/?img_index=6
Olive Young Hongdae Town,올리브영 홍대타운,HONGDAE,"Hongdae, Mapo-gu, Seoul",서울특별시 마포구 홍익로6길 57 올리브영 홍대 타운,High,https://map.naver.com/p/search/올리브영%20홍대%20타운,https://www.instagram.com/p/DXWTa0KDxtq/?img_index=6
Kakao Friends Hongdae Flagship Store,카카오프렌즈 홍대 플래그십 스토어,HONGDAE,"Hongdae, Mapo-gu, Seoul",서울특별시 마포구 양화로 162 좋은사람들빌딩 1~3층,High,https://map.naver.com/p/search/카카오프렌즈%20홍대플래그십%20스토어,https://www.instagram.com/p/DXWTa0KDxtq/?img_index=6
Zakdangmoi,작당모의,HONGDAE,"Hongdae, Mapo-gu, Seoul",서울특별시 마포구 동교로32길 19 1층,High,https://map.naver.com/p/search/작당모의,https://www.instagram.com/p/DXWTa0KDxtq/?img_index=6
KT&G Sangsangmadang,KT&G 상상마당,HONGDAE,"Hongdae, Mapo-gu, Seoul",서울특별시 마포구 어울마당로 65 상상마당빌딩,Check,https://map.naver.com/p/search/KT&amp;G%20상상마당,https://www.instagram.com/p/DXWTa0KDxtq/?img_index=6
Pumparcade Hongdae,펌프아케이드 홍대점,HONGDAE,"Hongdae, Mapo-gu, Seoul",서울특별시 마포구 와우산로21길 20 지하1층,High,https://map.naver.com/p/search/펌프아케이드%20홍대점,https://www.instagram.com/p/DXWTa0KDxtq/?img_index=6
Hangaram Stationery Store (Hongik University branch),한가람문구 홍익대점,HONGDAE,"Hongdae / Hongik University, Mapo-gu, Seoul",서울특별시 마포구 와우산로 94 홍익대학교 홍문관내 로비층,High,https://map.naver.com/p/search/한가람문구%20홍익대점,https://www.instagram.com/p/DXWTa0KDxtq/?img_index=6
Ikseon-dong,익선동,IKSON-DONG,"Ikseon-dong, Jongno-gu, Seoul",서울특별시 종로구 수표로28길 33-3 1층 서울커피,Check,https://map.naver.com/p/search/서울커피%20익선본점,https://www.instagram.com/reel/DXYh1CLD3Z8/
Oncheon Ikseon,,IKSON-DONG,"Ikseon-dong, Jongno-gu, Seoul",,Unresolved,https://map.naver.com/p/search/Oncheon%20Ikseon,https://www.instagram.com/reel/DXYh1CLD3Z8/
Ikseon-dong Yeolliji,익선동 연리지,IKSON-DONG,"Ikseon-dong, Jongno-gu, Seoul",서울특별시 종로구 돈화문로11나길 28-1 1층,High,https://map.naver.com/p/search/익선동연리지,https://www.instagram.com/reel/DXYh1CLD3Z8/
Flippers (Ikseon branch),,IKSON-DONG,"Ikseon-dong, Jongno-gu, Seoul",,Unresolved,https://map.naver.com/p/search/Flippers%20(Ikseon%20branch),https://www.instagram.com/reel/DXYh1CLD3Z8/
Ikseon Egg Tart,,IKSON-DONG,"Ikseon-dong, Jongno-gu, Seoul",서울특별시 종로구 돈화문로11가길 19 1층,Check,https://map.naver.com/p/search/익선에그타르트,https://www.instagram.com/reel/DXYh1CLD3Z8/
Ikseon Alleyways shops,,IKSON-DONG,"Ikseon-dong, Jongno-gu, Seoul",,Unresolved,https://map.naver.com/p/search/Ikseon%20Alleyways%20shops,https://www.instagram.com/reel/DXYh1CLD3Z8/
2026 Seoul International Garden Show,,Garden Festival,"Seoul Forest / Ttukseom Hangang Park / Seongsu-Hwadong, Seoul",,Unresolved,https://map.naver.com/p/search/2026%20Seoul%20International%20Garden%20Show,https://www.instagram.com/p/DXYGv7Yk3ST/
The Hanok Heritage House,더 한옥 헤리티지,Hanok heritage house,"Yeongwol-gun, Gangwon-do",강원특별자치도 영월군 남면 문개실길 37-200,High,https://map.naver.com/p/search/더한옥헤리티지,https://www.instagram.com/p/DXjrAQpEzYe/?img_index=5
North Korean food restaurant in Gangnam (unnamed),,Gangnam,"Gangnam, Seoul",,Unresolved,https://map.naver.com/p/search/North%20Korean%20food%20restaurant%20in%20Gangnam%20(unnamed),https://www.instagram.com/reel/DXnlnfbkwe3/
Gamekol Son Wangmandu,,Must EAT,"Namdaemun Market, Jung-gu, Seoul","42 Namdaemunsijang 4-gil, Jung District, Seoul, South Korea",Unresolved,https://map.naver.com/p/search/Gamekol%20Son%20Wangmandu,https://www.instagram.com/reel/DXpuM6PPHLx/
Yumin Art Nouveau Collection,,Jeju,Jeju,,Unresolved,https://map.naver.com/p/search/Yumin%20Art%20Nouveau%20Collection,https://www.instagram.com/p/DYhQixdkvBn/?img_index=6
Bonte Museum,본태박물관,Jeju,"Andeok-myeon, Seogwipo-si, Jeju",제주특별자치도 서귀포시 안덕면 산록남로762번길 69 본태박물관,High,https://map.naver.com/p/search/본태박물관,https://www.instagram.com/p/DYhQixdkvBn/?img_index=6
Water Wind Stone Museum,수풍석뮤지엄,Jeju,"Andeok-myeon, Seogwipo-si, Jeju",제주특별자치도 서귀포시 안덕면 산록남로762번길 79,High,https://map.naver.com/p/search/수풍석%20뮤지엄,https://www.instagram.com/p/DYhQixdkvBn/?img_index=6
Podo Hotel,포도호텔,Jeju,"Andeok-myeon, Seogwipo-si, Jeju",제주특별자치도 서귀포시 안덕면 산록남로 863,High,https://map.naver.com/p/search/핀크스%20포도호텔,https://www.instagram.com/reel/DYEgLnZNw_u/
Bangju Church,방주교회,Jeju,"Andeok-myeon, Seogwipo-si, Jeju",서울특별시 마포구 마포대로 173-16,High,https://map.naver.com/p/search/방주교회,https://www.instagram.com/reel/DYEgLnZNw_u/
Kim Tschang-Yeul Art Museum,제주도립김창열미술관,Jeju,"Hangyeong-myeon, Jeju-si, Jeju",제주특별자치도 제주시 한림읍 용금로 883-5,High,https://map.naver.com/p/search/제주도립김창열미술관,https://www.instagram.com/reel/DYEgLnZNw_u/
Sagye Beach,사계해변,Jeju,"Andeok-myeon, Seogwipo-si, Jeju",제주특별자치도 서귀포시 안덕면 형제해안로 24 . 1층,High,https://map.naver.com/p/search/사계해변국수,https://www.instagram.com/p/DYQVv-OlsT5/?img_index=9
Akeun Darangshi Oreum,아끈다랑쉬오름,Jeju,"Gujwa-eup, Jeju-si, Jeju",,Unresolved,https://map.naver.com/p/search/아끈다랑쉬오름,https://www.instagram.com/p/DYQVv-OlsT5/?img_index=9
Yongmeori Coast,용머리해안,Jeju,"Andeok-myeon, Seogwipo-si, Jeju",제주특별자치도 서귀포시 안덕면 사계리 112-3,High,https://map.naver.com/p/search/용머리해안,https://www.instagram.com/p/DYQVv-OlsT5/?img_index=9
Suwolbong Geo-trail,수월봉 지질트레일,Jeju,"Hangyeong-myeon, Jeju-si, Jeju",제주특별자치도 제주시 한경면 고산리 3760,High,https://map.naver.com/p/search/수월봉%20지질트레일,https://www.instagram.com/p/DYQVv-OlsT5/?img_index=9
Daepo Jusangjeolli,대포주상절리,Jeju,"Jungmun-dong, Seogwipo-si, Jeju",제주특별자치도 서귀포시 이어도로 36-24,High,https://map.naver.com/p/search/대포주상절리,https://www.instagram.com/p/DYQVv-OlsT5/?img_index=9
Geumneung Beach,금능해변,Jeju,"Hallim-eup, Jeju-si, Jeju",제주특별자치도 제주시 한림읍 금능리,Check,https://map.naver.com/p/search/금능해수욕장,https://www.instagram.com/p/DYQVv-OlsT5/?img_index=9
Jejudang,제주당,Jeju,"Aewol-eup, Jeju-si, Jeju",제주특별자치도 제주시 애월읍 월각로 927,High,https://map.naver.com/p/search/제주당,https://www.instagram.com/p/DYQVv-OlsT5/?img_index=9
Seongsan Ilchulbong,성산일출봉,Jeju,"Seongsan-eup, Seogwipo-si, Jeju",제주특별자치도 서귀포시 성산읍 성산리 1,High,https://map.naver.com/p/search/성산일출봉,https://www.instagram.com/p/DYQVv-OlsT5/?img_index=9
Gwangchigi Beach,광치기해변,Jeju,"Seongsan-eup, Seogwipo-si, Jeju",제주특별자치도 서귀포시 성산읍 고성리 224-33,High,https://map.naver.com/p/search/광치기해변,https://www.instagram.com/p/DYQVv-OlsT5/?img_index=9
Taepyeong Restaurant,태평식당,Jeju,"Seogwipo-si, Jeju",제주특별자치도 서귀포시 태평로 452 1층 태평식당,High,https://map.naver.com/p/search/태평식당,https://www.instagram.com/reel/DX2pJ25TuD3/
Jokbal restaurants in Seoul (2 unnamed),,Jokbal,Seoul,,Unresolved,https://map.naver.com/p/search/Jokbal%20restaurants%20in%20Seoul%20(2%20unnamed),https://www.instagram.com/reel/DYSN-5cT7w5/
