Name,Korean,NaverMatch,Category,Type,Locality,Address,Confidence,NaverLink,Source
Weave Studios Dongdaemun East,,위브스튜디오 동대문 이스트,Places to stay,co-living / furnished apartment,Seoul Dongdaemun-gu,서울특별시 동대문구 사가정로 109-1 위브스튜디오 동대문이스트,Check,https://map.naver.com/p/search/%EC%9C%84%EB%B8%8C%EC%8A%A4%ED%8A%9C%EB%94%94%EC%98%A4%20%EB%8F%99%EB%8C%80%EB%AC%B8%20%EC%9D%B4%EC%8A%A4%ED%8A%B8,https://www.instagram.com/reel/DYFU7JiRca7/
Seomjingang Bike Path,,,Biking Trip,cycling route,"South Korea (Jeolla, ~300km route)",,Unresolved,https://map.naver.com/p/search/Seomjingang%20Bike%20Path,https://www.instagram.com/reel/DXoeapDDvqH/
Damyang bamboo forests,,,Biking Trip,bamboo forest / region,Damyang,,Unresolved,https://map.naver.com/p/search/Damyang%20bamboo%20forests,https://www.instagram.com/reel/DXoeapDDvqH/
Sunchang gochujang village,,,Biking Trip,village / region,Sunchang,,Unresolved,https://map.naver.com/p/search/Sunchang%20gochujang%20village,https://www.instagram.com/reel/DXoeapDDvqH/
Jirisan National Park,,지리산 국립공원,Biking Trip,national park,Jirisan (Jeolla/Gyeongsang border),경상남도 하동군 화개면,Check,https://map.naver.com/p/search/%EC%A7%80%EB%A6%AC%EC%82%B0%20%EA%B5%AD%EB%A6%BD%EA%B3%B5%EC%9B%90,https://www.instagram.com/reel/DXoeapDDvqH/
Hongdae,홍대,루프캣미 고양이카페 홍대점,"HONGDAE, Walk",neighborhood,Seoul Mapo-gu,서울특별시 마포구 양화로 140 H-CUBE B2F,High,https://map.naver.com/p/search/%EB%A3%A8%ED%94%84%EC%BA%A3%EB%AF%B8%20%EA%B3%A0%EC%96%91%EC%9D%B4%EC%B9%B4%ED%8E%98%20%ED%99%8D%EB%8C%80%EC%A0%90,https://www.instagram.com/p/DXWTa0KDxtq/?img_index=6 | https://www.instagram.com/p/DY9Qlk-lJ0S/?img_index=12
Bukchon,북촌,북촌 한옥마을,Walk,hanok neighborhood,Seoul Jongno-gu,서울특별시 종로구 계동길 37,High,https://map.naver.com/p/search/%EB%B6%81%EC%B4%8C%20%ED%95%9C%EC%98%A5%EB%A7%88%EC%9D%84,https://www.instagram.com/p/DY9Qlk-lJ0S/?img_index=12
Gangnam,강남,강남구청,Walk,neighborhood,Seoul Gangnam-gu,서울특별시 강남구 학동로 426 강남구청,High,https://map.naver.com/p/search/%EA%B0%95%EB%82%A8%EA%B5%AC%EC%B2%AD,https://www.instagram.com/p/DY9Qlk-lJ0S/?img_index=12
Cheonggyecheon,청계천,청계천,Walk,stream / urban park,Seoul Jongno-gu / Jung-gu,서울특별시 종로구 창신동,High,https://map.naver.com/p/search/%EC%B2%AD%EA%B3%84%EC%B2%9C,https://www.instagram.com/p/DY9Qlk-lJ0S/?img_index=12
Hahoe Folk Village,하회마을,안동하회마을,Fireworks,UNESCO folk village / festival venue,"Andong, Gyeongsangbuk-do",경상북도 안동시 풍천면 전서로 186,High,https://map.naver.com/p/search/%EC%95%88%EB%8F%99%ED%95%98%ED%9A%8C%EB%A7%88%EC%9D%84,https://www.instagram.com/reel/DXBBZ7dk1BQ/
Nopo,노포,서울깍두기 남산본점,Seoul Ikseon-Dong Nopo in Seoul,"Korean restaurant (Michelin-starred, historic)",Seoul,부산광역시 금정구 남산로 13 서울깍두기 남산본점,Check,https://map.naver.com/p/search/%EC%84%9C%EC%9A%B8%EA%B9%8D%EB%91%90%EA%B8%B0%20%EB%82%A8%EC%82%B0%EB%B3%B8%EC%A0%90,https://www.instagram.com/reel/DCHWJY7Bkk8/
makgeolli brewery (unnamed),,,Distillery / Brewery Ki one distillery,makgeolli brewery / jeon,Seoul,,Unresolved,https://map.naver.com/p/search/makgeolli%20brewery%20%28unnamed%29,https://www.instagram.com/reel/DWMEpD4DzOd/
Gangjin,강진,강진군청,Jeolla Province,county / region,"Gangjin County, South Jeolla Province",전라남도 강진군 강진읍 남성리 108-1,High,https://map.naver.com/p/search/%EA%B0%95%EC%A7%84%EA%B5%B0%EC%B2%AD,https://www.instagram.com/reel/DXqNvMPE7MR/
"Michelin Bib Gourmand 2026 (8 restaurants, unnamed)",,,Mokpo province,restaurant list,Seoul / Busan,,Unresolved,https://map.naver.com/p/search/Michelin%20Bib%20Gourmand%202026%20%288%20restaurants%2C%20unnamed%29,https://www.instagram.com/p/DVe2Z18k69A/
Mokpo (Chef Kim Hayoun charcuterie),목포,목포시청,Mokpo province,city / charcuterie venue,"Mokpo, South Jeolla",전라남도 목포시 양을로 203,High,https://map.naver.com/p/search/%EB%AA%A9%ED%8F%AC%EC%8B%9C%EC%B2%AD,https://www.instagram.com/reel/DXdDo9hkz4d/
Volare,,볼라레,Pizza List,pizza (Napoli-certified),Seoul Seocho-gu,서울특별시 서초구 사평대로20길 8 성훈빌딩,Check,https://map.naver.com/p/search/%EB%B3%BC%EB%9D%BC%EB%A0%88,https://www.instagram.com/p/DVnHDNPDudB/?img_index=3
Vera,,베라나폴리,Pizza List,pizza (Napoli-certified),Seoul Yongsan-gu,서울특별시 용산구 이태원로 272 3층 베라나폴리,Check,https://map.naver.com/p/search/%EB%B2%A0%EB%9D%BC%EB%82%98%ED%8F%B4%EB%A6%AC,https://www.instagram.com/p/DVnHDNPDudB/?img_index=3
Pizzeria Da Ali,,피제리아다알리,Pizza List,pizza (Napoli-certified),Daejeon Yuseong-gu,대전광역시 유성구 지족로349번길 40-5,Check,https://map.naver.com/p/search/%ED%94%BC%EC%A0%9C%EB%A6%AC%EC%95%84%EB%8B%A4%EC%95%8C%EB%A6%AC,https://www.instagram.com/p/DVnHDNPDudB/?img_index=3
Panello,,빠넬로,Pizza List,pizza (Napoli-certified),Seoul Mapo-gu,서울특별시 마포구 어울마당로5길 29,Check,https://map.naver.com/p/search/%EB%B9%A0%EB%84%AC%EB%A1%9C,https://www.instagram.com/p/DVnHDNPDudB/?img_index=3
Zione,,지오네 키친,Pizza List,pizza (Napoli-certified),Daegu Nam-gu,대구광역시 남구 현충로 21,Check,https://map.naver.com/p/search/%EC%A7%80%EC%98%A4%EB%84%A4%20%ED%82%A4%EC%B9%9C,https://www.instagram.com/p/DVnHDNPDudB/?img_index=3
Piano,,피아노 레스토랑,Pizza List,pizza (Napoli-certified),"Donghae, Gangwon-do",강원특별자치도 동해시 동해대로 6270-18 2층피아노레스토랑,Check,https://map.naver.com/p/search/%ED%94%BC%EC%95%84%EB%85%B8%20%EB%A0%88%EC%8A%A4%ED%86%A0%EB%9E%91,https://www.instagram.com/p/DVnHDNPDudB/?img_index=3
Jootopia (Daegu),,,Pizza List,pizza (Napoli-certified),Daegu Jung-gu,"141 Dongdeok-ro 30-gil, Dongin-dong, Jung-gu, Daegu",Unresolved,https://map.naver.com/p/search/Jootopia%20%28Daegu%29,https://www.instagram.com/p/DVnHDNPDudB/?img_index=3
Jootopia (Seoul),,주토피아 서울,Pizza List,pizza (Napoli-certified),Seoul Seocho-gu,서울특별시 서초구 강남대로101안길 12 명성빌딩 1F Jootopia Seoul,High,https://map.naver.com/p/search/%EC%A3%BC%ED%86%A0%ED%94%BC%EC%95%84%20%EC%84%9C%EC%9A%B8,https://www.instagram.com/p/DVnHDNPDudB/?img_index=3
Pizzeria Marione,,마리오네,Pizza List,pizza (Napoli-certified),Seoul Mapo-gu,서울특별시 성동구 광나루로2길 23-1 1층,Check,https://map.naver.com/p/search/%EB%A7%88%EB%A6%AC%EC%98%A4%EB%84%A4,https://www.instagram.com/p/DVnHDNPDudB/?img_index=3
Pizzeria Del Popolo,,포폴로피자,Pizza List,pizza (Napoli-certified),"Goyang, Gyeonggi-do","경기도 고양시 일산동구 정발산로 43-20 센트럴플라자 102호, 103호",Check,https://map.naver.com/p/search/%ED%8F%AC%ED%8F%B4%EB%A1%9C%ED%94%BC%EC%9E%90,https://www.instagram.com/p/DVnHDNPDudB/?img_index=3
Verde,,Verde,Pizza List,pizza (Napoli-certified),Incheon Jung-gu,광주광역시 북구 우치로100번길 61 1층 verde,High,https://map.naver.com/p/search/Verde,https://www.instagram.com/p/DVnHDNPDudB/?img_index=3
Pizzeria O,,핏제리아오 대학로 본점,Pizza List,pizza (Napoli-certified),Seoul Jongno-gu,"서울특별시 종로구 동숭길 86 2, 3층",Check,https://map.naver.com/p/search/%ED%95%8F%EC%A0%9C%EB%A6%AC%EC%95%84%EC%98%A4%20%EB%8C%80%ED%95%99%EB%A1%9C%20%EB%B3%B8%EC%A0%90,https://www.instagram.com/p/DVnHDNPDudB/?img_index=3
Seongsu Baking Studio,,성수 베이킹 스튜디오,Bread baguette,bakery (baguette),Seoul Seongdong-gu,서울특별시 성동구 서울숲2길 46 B1층,Check,https://map.naver.com/p/search/%EC%84%B1%EC%88%98%20%EB%B2%A0%EC%9D%B4%ED%82%B9%20%EC%8A%A4%ED%8A%9C%EB%94%94%EC%98%A4,https://www.instagram.com/reel/DWgQAzXD-RP/
Dooroomi,,두루미,Old village,sool jib (traditional drinking house) / makgeolli,Seoul Mapo-gu,서울특별시 마포구 동교로51길 129-10 두루미,Check,https://map.naver.com/p/search/%EB%91%90%EB%A3%A8%EB%AF%B8,https://www.instagram.com/reel/DYVvERpqscL/
Naganeupseong Folk Village,낙안읍성,순천 낙안읍성,Old village,walled folk village / fortress town,"Suncheon (near Yeosu), South Jeolla",전라남도 순천시 낙안면 충민길 30,High,https://map.naver.com/p/search/%EC%88%9C%EC%B2%9C%20%EB%82%99%EC%95%88%EC%9D%8D%EC%84%B1,https://www.instagram.com/reel/DW_wUs7AFpm/
Suncheon Bay,순천만,순천만국가정원,Old village,wetland / nature attraction,"Suncheon, South Jeolla",전라남도 순천시 국가정원1호길 47,High,https://map.naver.com/p/search/%EC%88%9C%EC%B2%9C%EB%A7%8C%EA%B5%AD%EA%B0%80%EC%A0%95%EC%9B%90,https://www.instagram.com/reel/DW_wUs7AFpm/
Yeosu,여수,여수시청 본청,Old village,city / region,"Yeosu, South Jeolla",전라남도 여수시 시청로 1 여수시청 본청사,High,https://map.naver.com/p/search/%EC%97%AC%EC%88%98%EC%8B%9C%EC%B2%AD%20%EB%B3%B8%EC%B2%AD,https://www.instagram.com/reel/DW_wUs7AFpm/
North Korean style steamed chicken restaurant (unnamed),,,North korean food in Seoul,North Korean cuisine (steamed chicken),Seoul,,Unresolved,https://map.naver.com/p/search/North%20Korean%20style%20steamed%20chicken%20restaurant%20%28unnamed%29,https://www.instagram.com/reel/DWAkfETjzm6/
GongHwaChun,공화춘,공화춘,Jjajangmyeon,jjajangmyeon restaurant / museum,Incheon (Chinatown),인천광역시 중구 차이나타운로 43,High,https://map.naver.com/p/search/%EA%B3%B5%ED%99%94%EC%B6%98,https://www.instagram.com/reel/DQeQvaWDxNT/
Dalmaji Plaza BBQ Seongsu,달맞이광장바베큐 성수점,달맞이광장바베큐 성수점,Fried chicken,charcoal BBQ chicken,Seoul Seongdong-gu,서울특별시 성동구 아차산로 82 1층,High,https://map.naver.com/p/search/%EB%8B%AC%EB%A7%9E%EC%9D%B4%EA%B4%91%EC%9E%A5%EB%B0%94%EB%B2%A0%ED%81%90%20%EC%84%B1%EC%88%98%EC%A0%90,https://www.instagram.com/reel/DW6V-ZcEXES/
Kyochon Pilbang,,교촌필방,Fried chicken,Korean fried chicken,Seoul,서울특별시 용산구 보광로 127 유영빌딩,Check,https://map.naver.com/p/search/%EA%B5%90%EC%B4%8C%ED%95%84%EB%B0%A9,https://www.instagram.com/reel/DW1Q0ULu27p/
Myeongdong,명동,전설의우대갈비 서울시청직영점,Fried chicken,neighborhood / fried chicken area,Seoul Myeongdong,서울특별시 중구 남대문로9길 40 2층 206~209호,Check,https://map.naver.com/p/search/%EC%A0%84%EC%84%A4%EC%9D%98%EC%9A%B0%EB%8C%80%EA%B0%88%EB%B9%84%20%EC%84%9C%EC%9A%B8%EC%8B%9C%EC%B2%AD%EC%A7%81%EC%98%81%EC%A0%90,https://www.instagram.com/reel/DWmcV6MyJ7V/
Calm Seoul,,,Wine bar Seoul,hansik / wine bar,Seoul Yongsan-gu (Haebangchon),"97-3 Sinheung-ro, Yongsan-gu, Seoul",Unresolved,https://map.naver.com/p/search/Calm%20Seoul,https://www.instagram.com/reel/DWxRy5URy3q/
Shinheung Market,신흥시장,해방촌 신흥시장,Wine bar Seoul,traditional market / food alley,Seoul Yongsan-gu (Haebangchon),서울특별시 용산구 신흥로 95-9 2층,High,https://map.naver.com/p/search/%ED%95%B4%EB%B0%A9%EC%B4%8C%20%EC%8B%A0%ED%9D%A5%EC%8B%9C%EC%9E%A5,https://www.instagram.com/reel/DWxRy5URy3q/
Haebangchon,해방촌,해방촌,"Wine bar Seoul, Activities to do",neighborhood,Seoul Yongsan-gu,서울특별시 용산구 용산동2가,High,https://map.naver.com/p/search/%ED%95%B4%EB%B0%A9%EC%B4%8C,https://www.instagram.com/reel/DV3U9aMsTqi/ | https://www.instagram.com/reel/DWxRy5URy3q/
Viking's Wharf Jamsil Heritage Branch,,,Buffet,seafood buffet,Seoul Songpa-gu (Jamsil),"29 Sincheon-dong, Songpa-gu, Seoul, 4F",Unresolved,https://map.naver.com/p/search/Viking%27s%20Wharf%20Jamsil%20Heritage%20Branch,https://www.instagram.com/reel/DXt78KYgHjb/
Wumok,,한우오마카세 우모크,Hanwoo,Hanwoo beef omakase,Seoul Gangnam-gu,서울특별시 강남구 언주로170길 22 지하 2층,Check,https://map.naver.com/p/search/%ED%95%9C%EC%9A%B0%EC%98%A4%EB%A7%88%EC%B9%B4%EC%84%B8%20%EC%9A%B0%EB%AA%A8%ED%81%AC,https://www.instagram.com/reel/DW3qhI3xh5c/
Jeju Pork & Hanwoo Beef,,,Hanwoo,Korean BBQ (pork & hanwoo beef),Seoul Myeongdong,,Unresolved,https://map.naver.com/p/search/Jeju%20Pork%20%26%20Hanwoo%20Beef,https://www.instagram.com/reel/DWd2pYvEVG9/
Hoonhoon Hotteok,,,Hotteok,hotteok / Korean street snack,Seoul Mapo-gu (near Mangwon station),,Unresolved,https://map.naver.com/p/search/Hoonhoon%20Hotteok,https://www.instagram.com/reel/DS30tgVjDpz/
Dandi,,DANDI,List of restaurants,grilled intestines rice,Seoul,경상남도 창원시 성산구 원이대로 774 성원주상가 1층 18호,High,https://map.naver.com/p/search/DANDI,https://www.instagram.com/p/DXc6xlUjuvj/?img_index=9
Udarijip,烏達里家,,List of restaurants,raw marinated crab (ganjang gejang),Seoul,,Unresolved,https://map.naver.com/p/search/%E7%83%8F%E9%81%94%E9%87%8C%E5%AE%B6,https://www.instagram.com/p/DXc6xlUjuvj/?img_index=9
On6.5,,온6.5,List of restaurants,uni pasta / Italian,Seoul,서울특별시 종로구 북촌로1길 28 지상1층 온6.5,Check,https://map.naver.com/p/search/%EC%98%A86.5,https://www.instagram.com/p/DXc6xlUjuvj/?img_index=9
Taecho Galbi,,태초갈비 명동점,"List of restaurants, Galbi",KBBQ galbi,Seoul,서울특별시 중구 명동10길 18 6층 601호,Check,https://map.naver.com/p/search/%ED%83%9C%EC%B4%88%EA%B0%88%EB%B9%84%20%EB%AA%85%EB%8F%99%EC%A0%90,https://www.instagram.com/p/DXc6xlUjuvj/?img_index=9 | https://www.instagram.com/reel/DXrcxR_E6dI/
Sosinisso,,,List of restaurants,cream braised ribs with tteok,Seoul,,Unresolved,https://map.naver.com/p/search/Sosinisso,https://www.instagram.com/p/DXc6xlUjuvj/?img_index=9
Dobu,,도부,List of restaurants,steak tartare sliders,Seoul,"서울특별시 마포구 동교로51길 77-11 1층, 도부",Check,https://map.naver.com/p/search/%EB%8F%84%EB%B6%80,https://www.instagram.com/p/DXc6xlUjuvj/?img_index=9
Hujuk Hujuk,,,List of restaurants,abalone porridge (juk),Seoul,,Unresolved,https://map.naver.com/p/search/Hujuk%20Hujuk,https://www.instagram.com/p/DXc6xlUjuvj/?img_index=9
Garlic Boy,,갈릭보이 안국,List of restaurants,truffle garlic bun / bakery,Seoul,서울특별시 종로구 율곡로 59-1,Check,https://map.naver.com/p/search/%EA%B0%88%EB%A6%AD%EB%B3%B4%EC%9D%B4%20%EC%95%88%EA%B5%AD,https://www.instagram.com/reel/DXQ-EnmARnu/ | https://www.instagram.com/p/DXc6xlUjuvj/?img_index=9
Yeonhaejang,,연해장,List of restaurants,spicy intestines stew (gopchang jeongol),Seoul,서울특별시 중구 다산로44길 90 1층 연해장,Check,https://map.naver.com/p/search/%EC%97%B0%ED%95%B4%EC%9E%A5,https://www.instagram.com/p/DXc6xlUjuvj/?img_index=9
Solsot,,솔솥 한남점,List of restaurants,eel pot rice,Seoul,서울특별시 용산구 이태원로54가길 26 지하 1층,Check,https://map.naver.com/p/search/%EC%86%94%EC%86%A5%20%ED%95%9C%EB%82%A8%EC%A0%90,https://www.instagram.com/p/DXc6xlUjuvj/?img_index=9
Jojo Kalguksu,,조조칼국수 성수점,List of restaurants,clam kalguksu & seafood pajeon,Seoul,서울특별시 성동구 성수일로8길 55 1층,Check,https://map.naver.com/p/search/%EC%A1%B0%EC%A1%B0%EC%B9%BC%EA%B5%AD%EC%88%98%20%EC%84%B1%EC%88%98%EC%A0%90,https://www.instagram.com/p/DXc6xlUjuvj/?img_index=9
Jangin Dakgalbi,,장인닭갈비 강남점,List of restaurants,dakgalbi (chicken & cheese),Seoul,서울특별시 강남구 테헤란로1길 19,Check,https://map.naver.com/p/search/%EC%9E%A5%EC%9D%B8%EB%8B%AD%EA%B0%88%EB%B9%84%20%EA%B0%95%EB%82%A8%EC%A0%90,https://www.instagram.com/reel/DXQ-EnmARnu/
Cheongsudang,,청수당 베이커리,List of restaurants,cafe / matcha desserts,Seoul,서울특별시 종로구 돈화문로11나길 31-9,Check,https://map.naver.com/p/search/%EC%B2%AD%EC%88%98%EB%8B%B9%20%EB%B2%A0%EC%9D%B4%EC%BB%A4%EB%A6%AC,https://www.instagram.com/reel/DXQ-EnmARnu/
Oreno Ramen,,오레노라멘 본점,List of restaurants,ramen (Michelin Guide),Seoul,서울특별시 마포구 독막로8길 16 1층 오레노라멘,Check,https://map.naver.com/p/search/%EC%98%A4%EB%A0%88%EB%85%B8%EB%9D%BC%EB%A9%98%20%EB%B3%B8%EC%A0%90,https://www.instagram.com/reel/DXQ-EnmARnu/
Salt Bread,,솔트브레드,List of restaurants,bakery (salt bread),Seoul,서울특별시 노원구 상계로12길 65 상가동 104호,Check,https://map.naver.com/p/search/%EC%86%94%ED%8A%B8%EB%B8%8C%EB%A0%88%EB%93%9C,https://www.instagram.com/reel/DXQ-EnmARnu/
Bakery Abebe,,아베베 베이커리 서울,List of restaurants,bakery / donuts,Seoul,"서울특별시 종로구 청계천로 201 1, 2, 3층",Check,https://map.naver.com/p/search/%EC%95%84%EB%B2%A0%EB%B2%A0%20%EB%B2%A0%EC%9D%B4%EC%BB%A4%EB%A6%AC%20%EC%84%9C%EC%9A%B8,https://www.instagram.com/reel/DXQ-EnmARnu/
Onion Cafe,,어니언 광장시장,List of restaurants,cafe (pastries in hanok),Seoul,서울특별시 종로구 청계천로 215 1층(종로5가),Check,https://map.naver.com/p/search/%EC%96%B4%EB%8B%88%EC%96%B8%20%EA%B4%91%EC%9E%A5%EC%8B%9C%EC%9E%A5,https://www.instagram.com/reel/DXQ-EnmARnu/
Myeongdong Kyoja,,명동교자 본점,List of restaurants,noodles & dumplings (Michelin Guide),Seoul Myeongdong,서울특별시 중구 명동10길 29,Check,https://map.naver.com/p/search/%EB%AA%85%EB%8F%99%EA%B5%90%EC%9E%90%20%EB%B3%B8%EC%A0%90,https://www.instagram.com/reel/DXQ-EnmARnu/
Soha Salt Pond,,,List of restaurants,bakery/cafe (salt bread & matcha in hanok),Seoul,,Unresolved,https://map.naver.com/p/search/Soha%20Salt%20Pond,https://www.instagram.com/reel/DXQ-EnmARnu/
Gwangjang Market,광장시장,광장시장,"List of restaurants, Activities to do",traditional market,Seoul Jongno-gu,서울특별시 종로구 창경궁로 88,High,https://map.naver.com/p/search/%EA%B4%91%EC%9E%A5%EC%8B%9C%EC%9E%A5,https://www.instagram.com/reel/DV3U9aMsTqi/ | https://www.instagram.com/reel/DW3jVQ-CTJv/
Gohyang Kalguksu,,고향보쌈칼국수 오치점,List of restaurants,kalguksu stall,Seoul Jongno-gu (Gwangjang Market),광주광역시 북구 서하로 185 1층,Unresolved,https://map.naver.com/p/search/%EA%B3%A0%ED%96%A5%EB%B3%B4%EC%8C%88%EC%B9%BC%EA%B5%AD%EC%88%98%20%EC%98%A4%EC%B9%98%EC%A0%90,https://www.instagram.com/reel/DW3jVQ-CTJv/
Born & Bred,,본앤브레드 신관,List of restaurants,Korean BBQ / beef,Seoul,서울특별시 성동구 마장로42길 1,Check,https://map.naver.com/p/search/%EB%B3%B8%EC%95%A4%EB%B8%8C%EB%A0%88%EB%93%9C%20%EC%8B%A0%EA%B4%80,https://www.instagram.com/reel/DW3jVQ-CTJv/
Golden Pig,,골든피그에셋,List of restaurants,pork BBQ,Seoul,서울특별시 금천구 가산디지털1로 225,Check,https://map.naver.com/p/search/%EA%B3%A8%EB%93%A0%ED%94%BC%EA%B7%B8%EC%97%90%EC%85%8B,https://www.instagram.com/reel/DW3jVQ-CTJv/
Imok Smoke Dining,,이목스모크다이닝,List of restaurants,smoke dining,Seoul,서울특별시 강남구 압구정로2길 6 지하1층,Check,https://map.naver.com/p/search/%EC%9D%B4%EB%AA%A9%EC%8A%A4%EB%AA%A8%ED%81%AC%EB%8B%A4%EC%9D%B4%EB%8B%9D,https://www.instagram.com/reel/DW3jVQ-CTJv/
Jayeondo Sogeumppang,자연도소금빵,자연도소금빵&amp;자연도가,List of restaurants,bakery (salt bread),Seoul,서울특별시 종로구 수표로28길 21-17 1층,High,https://map.naver.com/p/search/%EC%9E%90%EC%97%B0%EB%8F%84%EC%86%8C%EA%B8%88%EB%B9%B5%26amp%3B%EC%9E%90%EC%97%B0%EB%8F%84%EA%B0%80,https://www.instagram.com/reel/DW3jVQ-CTJv/
Apgujeong Gopchang,,압구정곱창,List of restaurants,gopchang (beef intestines),Seoul Gangnam-gu (Apgujeong),서울특별시 강남구 압구정로42길 25-8,Check,https://map.naver.com/p/search/%EC%95%95%EA%B5%AC%EC%A0%95%EA%B3%B1%EC%B0%BD,https://www.instagram.com/reel/DW3jVQ-CTJv/
Tosokchon Samgyetang,토속촌삼계탕,토속촌삼계탕,List of restaurants,samgyetang (ginseng chicken soup),Seoul Jongno-gu (Gyeongbokgung),서울특별시 종로구 자하문로5길 5 토속촌,High,https://map.naver.com/p/search/%ED%86%A0%EC%86%8D%EC%B4%8C%EC%82%BC%EA%B3%84%ED%83%95,https://www.instagram.com/reel/DW3jVQ-CTJv/
Gebang Sikdang,,게방식당,List of restaurants,ganjang gejang (marinated crab),Seoul,서울특별시 강남구 선릉로131길 17 1층,Check,https://map.naver.com/p/search/%EA%B2%8C%EB%B0%A9%EC%8B%9D%EB%8B%B9,https://www.instagram.com/reel/DW3jVQ-CTJv/
Evett,,에빗,List of restaurants,fine dining (2 Michelin stars),Seoul,서울특별시 강남구 도산대로45길 10-5 1층 EVETT,Check,https://map.naver.com/p/search/%EC%97%90%EB%B9%97,https://www.instagram.com/reel/DW3jVQ-CTJv/
Jeju Island,제주도,보말한그릇 제주공항본점 보말칼국수,"List of restaurants, Jeju",island / region,Jeju,제주특별자치도 제주시 월성로4길 80 2층 보말한그릇 제주공항본점 보말칼국수,Check,https://map.naver.com/p/search/%EB%B3%B4%EB%A7%90%ED%95%9C%EA%B7%B8%EB%A6%87%20%EC%A0%9C%EC%A3%BC%EA%B3%B5%ED%95%AD%EB%B3%B8%EC%A0%90%20%EB%B3%B4%EB%A7%90%EC%B9%BC%EA%B5%AD%EC%88%98,https://www.instagram.com/reel/DWH1zCriSfM/ | https://www.instagram.com/reel/DYokDTRTv-D/ | https://www.instagram.com/reel/DYGQMvayoz3/
Tapa Copa,타파코파,타파코파 용산본점,List of restaurants,tapas / Spanish,Seoul Yongsan-gu (Samgakji),서울특별시 용산구 한강대로54길 29 1층,High,https://map.naver.com/p/search/%ED%83%80%ED%8C%8C%EC%BD%94%ED%8C%8C%20%EC%9A%A9%EC%82%B0%EB%B3%B8%EC%A0%90,https://www.facebook.com/reel/1292489509502537/
Daegu Sonmun Makchang Galmaegisal,대구손문막창갈매기살,손문대구막창갈매기살 용산 본관점,List of restaurants,grilled pork (makchang / galmaegisal),Seoul Yongsan-gu (Sinyongsan),서울특별시 용산구 새창로 213-9 1층,Check,https://map.naver.com/p/search/%EC%86%90%EB%AC%B8%EB%8C%80%EA%B5%AC%EB%A7%89%EC%B0%BD%EA%B0%88%EB%A7%A4%EA%B8%B0%EC%82%B4%20%EC%9A%A9%EC%82%B0%20%EB%B3%B8%EA%B4%80%EC%A0%90,https://www.facebook.com/reel/1292489509502537/
Matomi,마토미,마토미,List of restaurants,tacos / Mexican,Seoul Yongsan-gu (Samgakji),서울특별시 용산구 한강대로 214-1 1층,High,https://map.naver.com/p/search/%EB%A7%88%ED%86%A0%EB%AF%B8,https://www.facebook.com/reel/1292489509502537/
Baekrang,백랑,백랑,List of restaurants,gukbap (Korean soup-rice),Seoul Yongsan-gu (Sinyongsan),서울특별시 용산구 한강대로15길 23 1층,High,https://map.naver.com/p/search/%EB%B0%B1%EB%9E%91,https://www.facebook.com/reel/1292489509502537/
Yangin Hwandae Geukjin,양인환대 극진,양인환대 극진,List of restaurants,lamb omakase course,Seoul Yongsan-gu (Sinyongsan),서울특별시 용산구 한강대로40길 14 지상1층 104호,High,https://map.naver.com/p/search/%EC%96%91%EC%9D%B8%ED%99%98%EB%8C%80%20%EA%B7%B9%EC%A7%84,https://www.facebook.com/reel/1292489509502537/
Yongsan Samgakji (Yongridangil),용산 삼각지 / 용리단길,제주 곁 서울혼술바 용리단길점,List of restaurants,restaurant district,Seoul Yongsan-gu (Samgakji / Yongridangil),서울특별시 용산구 한강대로50길 25 지하1층,Check,https://map.naver.com/p/search/%EC%A0%9C%EC%A3%BC%20%EA%B3%81%20%EC%84%9C%EC%9A%B8%ED%98%BC%EC%88%A0%EB%B0%94%20%EC%9A%A9%EB%A6%AC%EB%8B%A8%EA%B8%B8%EC%A0%90,https://www.facebook.com/reel/1292489509502537/
National Museum of Korea,국립중앙박물관,투썸플레이스 국립중앙박물관1점,Korea National Museum,museum,Seoul (Yongsan-gu),서울특별시 용산구 서빙고로 137 국립중앙박물관,High,https://map.naver.com/p/search/%ED%88%AC%EC%8D%B8%ED%94%8C%EB%A0%88%EC%9D%B4%EC%8A%A4%20%EA%B5%AD%EB%A6%BD%EC%A4%91%EC%95%99%EB%B0%95%EB%AC%BC%EA%B4%801%EC%A0%90,https://www.instagram.com/p/DXblkyCD_Z5/?img_index=9 | https://www.instagram.com/p/DWl8iErk97r/?img_index=4
National Museum of Modern and Contemporary Art,국립현대미술관,국립현대미술관 서울,Korea National Museum,art museum,Seoul,서울특별시 종로구 삼청로 30,High,https://map.naver.com/p/search/%EA%B5%AD%EB%A6%BD%ED%98%84%EB%8C%80%EB%AF%B8%EC%88%A0%EA%B4%80%20%EC%84%9C%EC%9A%B8,https://www.instagram.com/p/DWl8iErk97r/?img_index=4
Gyeongju National Museum,국립경주박물관,이디야커피 국립경주박물관점,Korea National Museum,museum,"Gyeongju, Gyeongsangbuk-do",경상북도 경주시 일정로 186,High,https://map.naver.com/p/search/%EC%9D%B4%EB%94%94%EC%95%BC%EC%BB%A4%ED%94%BC%20%EA%B5%AD%EB%A6%BD%EA%B2%BD%EC%A3%BC%EB%B0%95%EB%AC%BC%EA%B4%80%EC%A0%90,https://www.instagram.com/p/DWl8iErk97r/?img_index=4
Gongju National Museum,국립공주박물관,국립공주박물관,Korea National Museum,museum,"Gongju, Chungcheongnam-do",충청남도 공주시 관광단지길 34 국립공주박물관,High,https://map.naver.com/p/search/%EA%B5%AD%EB%A6%BD%EA%B3%B5%EC%A3%BC%EB%B0%95%EB%AC%BC%EA%B4%80,https://www.instagram.com/p/DWl8iErk97r/?img_index=4
Seoul Museum of Photography (Photo SeMA),,,Museum,photography museum,"Seoul (Dobong-gu, Chang-dong)","3-minute walk from Exit 1, Changdong Station (Lines 1 & 4)",Unresolved,https://map.naver.com/p/search/Seoul%20Museum%20of%20Photography%20%28Photo%20SeMA%29,https://www.instagram.com/reel/DVGHu6KgXiC/
Noryangjin Underground Sewer,노량진 지하배수로,노량진 지하배수로,Activities to do,historic site / hidden spot,"Seoul (Noryangjin, Dongjak-gu)",서울특별시 동작구 노량진동 14-5,High,https://map.naver.com/p/search/%EB%85%B8%EB%9F%89%EC%A7%84%20%EC%A7%80%ED%95%98%EB%B0%B0%EC%88%98%EB%A1%9C,https://www.instagram.com/reel/DZHA6W2hl66/
Yoonseul: Manridong Reflecting Seoul,윤슬 서울을 비추는 만리동,윤슬 서울을 비추는 만리동,Activities to do,public art installation,"Seoul (Manri-dong, Jung-gu)",서울특별시 중구 퇴계로 33,High,https://map.naver.com/p/search/%EC%9C%A4%EC%8A%AC%20%EC%84%9C%EC%9A%B8%EC%9D%84%20%EB%B9%84%EC%B6%94%EB%8A%94%20%EB%A7%8C%EB%A6%AC%EB%8F%99,https://www.instagram.com/reel/DZHA6W2hl66/
Hongje Yuyeon,홍제유연,,Activities to do,underground cultural / art space,Seoul (Seodaemun-gu),,Unresolved,https://map.naver.com/p/search/%ED%99%8D%EC%A0%9C%EC%9C%A0%EC%97%B0,https://www.instagram.com/reel/DZHA6W2hl66/
Seoul Botanic Park,서울식물원,서울식물원,Activities to do,botanic garden / park,"Seoul (Gangseo-gu, Magok)",서울특별시 강서구 마곡동로 161 서울식물원,High,https://map.naver.com/p/search/%EC%84%9C%EC%9A%B8%EC%8B%9D%EB%AC%BC%EC%9B%90,https://www.instagram.com/reel/DWWmskLjDoJ/ | https://www.instagram.com/reel/DV3U9aMsTqi/
Ilsan Lake Park,,부페파크,Activities to do,lake park,"Goyang, Gyeonggi-do (Ilsan)",경기도 고양시 일산동구 정발산로 43-20 10층 부페파크,Check,https://map.naver.com/p/search/%EB%B6%80%ED%8E%98%ED%8C%8C%ED%81%AC,https://www.instagram.com/reel/DWWmskLjDoJ/
Seokchon Lake,석촌호수,석촌호수,Activities to do,lake / walking spot,Seoul (Songpa-gu),서울특별시 송파구 잠실동,High,https://map.naver.com/p/search/%EC%84%9D%EC%B4%8C%ED%98%B8%EC%88%98,https://www.instagram.com/reel/DWWmskLjDoJ/ | https://www.instagram.com/reel/DV3U9aMsTqi/
Bulgwangcheon Stream,불광천,올댓커피 불광천점,Activities to do,stream / walking path,Seoul (near Mangwon),"서울특별시 서대문구 거북골로 224 1층, 2층",High,https://map.naver.com/p/search/%EC%98%AC%EB%8C%93%EC%BB%A4%ED%94%BC%20%EB%B6%88%EA%B4%91%EC%B2%9C%EC%A0%90,https://www.instagram.com/reel/DWWmskLjDoJ/
Jebudo Island,제부도,제부도,Activities to do,island / cable car spot,"Hwaseong, Gyeonggi-do",경기도 화성시 만세구 서신면 제부리,High,https://map.naver.com/p/search/%EC%A0%9C%EB%B6%80%EB%8F%84,https://www.instagram.com/reel/DWWmskLjDoJ/
Hongjecheon Artificial Waterfall,홍제폭포,컴포즈커피 홍제폭포점,Activities to do,artificial waterfall / walk,"Seoul (Seodaemun-gu, near Ansan Mountain)",서울특별시 서대문구 연희로 262-37,High,https://map.naver.com/p/search/%EC%BB%B4%ED%8F%AC%EC%A6%88%EC%BB%A4%ED%94%BC%20%ED%99%8D%EC%A0%9C%ED%8F%AD%ED%8F%AC%EC%A0%90,https://www.instagram.com/reel/DWWmskLjDoJ/
Yangyang,양양,양양군청,Activities to do,surf town / region,"Yangyang, Gangwon-do",강원특별자치도 양양군 양양읍 군청길 1 양양군청,High,https://map.naver.com/p/search/%EC%96%91%EC%96%91%EA%B5%B0%EC%B2%AD,https://www.instagram.com/reel/DWWmskLjDoJ/
Cheonggyecheon Stream,청계천,청계천,"Activities to do, Architecture, Bukchon Hanok Village",urban stream,Seoul (Jongno-gu),서울특별시 종로구 창신동,High,https://map.naver.com/p/search/%EC%B2%AD%EA%B3%84%EC%B2%9C,https://www.instagram.com/p/DXbaFwOE_AH/?img_index=12 | https://www.instagram.com/reel/DWWmskLjDoJ/ | https://www.instagram.com/reel/DXyi85gvkS3/
Changdeokgung Secret Garden,창덕궁 후원,창덕궁 후원,Activities to do,palace / garden,Seoul (Jongno-gu),서울특별시 종로구 율곡로 99 창덕궁,High,https://map.naver.com/p/search/%EC%B0%BD%EB%8D%95%EA%B6%81%20%ED%9B%84%EC%9B%90,https://www.instagram.com/reel/DWWmskLjDoJ/
Seoraksan National Park,설악산,설악산국립공원,Activities to do,national park,Gangwon-do (Sokcho area),강원특별자치도 속초시 설악산로 833,High,https://map.naver.com/p/search/%EC%84%A4%EC%95%85%EC%82%B0%EA%B5%AD%EB%A6%BD%EA%B3%B5%EC%9B%90,https://www.instagram.com/reel/DWWmskLjDoJ/
Wansan Park,완산공원,완산공원,Activities to do,park,"Jeonju, Jeollabuk-do",전북특별자치도 전주시 완산구 동완산동 612,High,https://map.naver.com/p/search/%EC%99%84%EC%82%B0%EA%B3%B5%EC%9B%90,https://www.instagram.com/reel/DWWmskLjDoJ/
Jeonju Hanok Village,전주한옥마을,전주 한옥마을,Activities to do,hanok village,"Jeonju, Jeollabuk-do",전북특별자치도 전주시 완산구 기린대로 99,High,https://map.naver.com/p/search/%EC%A0%84%EC%A3%BC%20%ED%95%9C%EC%98%A5%EB%A7%88%EC%9D%84,https://www.instagram.com/reel/DWWmskLjDoJ/
Seoul Forest,서울숲,서울숲,Activities to do,urban forest / park,Seoul (Seongdong-gu),서울특별시 성동구 뚝섬로 273,High,https://map.naver.com/p/search/%EC%84%9C%EC%9A%B8%EC%88%B2,https://www.instagram.com/reel/DWWmskLjDoJ/
Gyeongpoho Lake,경포호,경포호,Activities to do,lake,"Gangneung, Gangwon-do",강원특별자치도 강릉시 저동,High,https://map.naver.com/p/search/%EA%B2%BD%ED%8F%AC%ED%98%B8,https://www.instagram.com/reel/DWWmskLjDoJ/
Arte Museum Gangneung,아르떼뮤지엄 강릉,아르떼뮤지엄 강릉,Activities to do,immersive media art museum,"Gangneung, Gangwon-do",강원특별자치도 강릉시 난설헌로 131,High,https://map.naver.com/p/search/%EC%95%84%EB%A5%B4%EB%96%BC%EB%AE%A4%EC%A7%80%EC%97%84%20%EA%B0%95%EB%A6%89,https://www.instagram.com/reel/DWWmskLjDoJ/ | https://www.instagram.com/reel/DV3U9aMsTqi/
Skybay Hotel,,스카이베이호텔 경포,Activities to do,hotel (infinity pool),"Gangneung, Gangwon-do",강원특별자치도 강릉시 해안로 476 스카이베이호텔 경포,Check,https://map.naver.com/p/search/%EC%8A%A4%EC%B9%B4%EC%9D%B4%EB%B2%A0%EC%9D%B4%ED%98%B8%ED%85%94%20%EA%B2%BD%ED%8F%AC,https://www.instagram.com/reel/DWWmskLjDoJ/
Hongneung Forest,홍릉숲,홍릉시험림(홍릉숲),Activities to do,forest / arboretum,Seoul (Dongdaemun-gu),서울특별시 동대문구 회기로 57,High,https://map.naver.com/p/search/%ED%99%8D%EB%A6%89%EC%8B%9C%ED%97%98%EB%A6%BC%28%ED%99%8D%EB%A6%89%EC%88%B2%29,https://www.instagram.com/p/DW_HGIGkSeI/?img_index=6
Hannam-dong,한남동,한남동 주민센터,Activities to do,"neighborhood (vintage, vinyl/wine bars, cafes)",Seoul (Yongsan-gu),"서울특별시 용산구 대사관로5길 1 한남동주민센터, 어린이집",High,https://map.naver.com/p/search/%ED%95%9C%EB%82%A8%EB%8F%99%20%EC%A3%BC%EB%AF%BC%EC%84%BC%ED%84%B0,https://www.instagram.com/reel/DV3U9aMsTqi/
Mangwon Market,망원시장,스시벅스 망원시장점,Activities to do,traditional market,Seoul (Mapo-gu),서울특별시 마포구 월드컵로13길 13 2층,High,https://map.naver.com/p/search/%EC%8A%A4%EC%8B%9C%EB%B2%85%EC%8A%A4%20%EB%A7%9D%EC%9B%90%EC%8B%9C%EC%9E%A5%EC%A0%90,https://www.instagram.com/reel/DV3U9aMsTqi/
Lotte World,롯데월드,분지로 롯데월드몰점,"Activities to do, Architecture",amusement park,"Seoul (Songpa-gu, Jamsil)",서울특별시 송파구 올림픽로 300 롯데월드몰 5층,High,https://map.naver.com/p/search/%EB%B6%84%EC%A7%80%EB%A1%9C%20%EB%A1%AF%EB%8D%B0%EC%9B%94%EB%93%9C%EB%AA%B0%EC%A0%90,https://www.instagram.com/p/DXbaFwOE_AH/?img_index=12 | https://www.instagram.com/reel/DV3U9aMsTqi/
Starfield Library Suwon,스타필드 수원 별마당 도서관,별마당도서관 스타필드수원점,"DAYTRIPS, Activities to do",library (inside Starfield mall),"Suwon, Gyeonggi-do",경기도 수원시 장안구 수성로 175,Check,https://map.naver.com/p/search/%EB%B3%84%EB%A7%88%EB%8B%B9%EB%8F%84%EC%84%9C%EA%B4%80%20%EC%8A%A4%ED%83%80%ED%95%84%EB%93%9C%EC%88%98%EC%9B%90%EC%A0%90,https://www.instagram.com/reel/DV3U9aMsTqi/ | https://www.instagram.com/reel/DW3Y1URkywP/
Huinnyeoul Culture Village,흰여울문화마을,흰여울문화마을,Activities to do,seaside village,Busan (Yeongdo-gu),부산광역시 영도구 영선동4가 605-3,High,https://map.naver.com/p/search/%ED%9D%B0%EC%97%AC%EC%9A%B8%EB%AC%B8%ED%99%94%EB%A7%88%EC%9D%84,https://www.instagram.com/reel/DV3U9aMsTqi/
South Korea,,씨아이이이 사우스코리아,Activities to do,country (no specific venue),South Korea,서울특별시 종로구 종로 68 2층,Check,https://map.naver.com/p/search/%EC%94%A8%EC%95%84%EC%9D%B4%EC%9D%B4%EC%9D%B4%20%EC%82%AC%EC%9A%B0%EC%8A%A4%EC%BD%94%EB%A6%AC%EC%95%84,https://www.instagram.com/p/DWTsQNSjAcb/?img_index=6
The Garden of Morning Calm,아침고요수목원,아침고요수목원,DAYTRIPS,arboretum / garden,"Gapyeong, Gyeonggi-do",경기도 가평군 상면 수목원로 432,High,https://map.naver.com/p/search/%EC%95%84%EC%B9%A8%EA%B3%A0%EC%9A%94%EC%88%98%EB%AA%A9%EC%9B%90,https://www.instagram.com/reel/DXmSdgkkSQ8/
Museum SAN,뮤지엄 산,산내음 파주본점,DAYTRIPS,art museum (Tadao Ando),"Wonju, Gangwon-do",경기도 파주시 탄현면 평화로 885-18 산내음,Check,https://map.naver.com/p/search/%EC%82%B0%EB%82%B4%EC%9D%8C%20%ED%8C%8C%EC%A3%BC%EB%B3%B8%EC%A0%90,https://www.instagram.com/reel/DXmSdgkkSQ8/
Les Jardins de Medongaule,,메덩골정원,"DAYTRIPS, Architecture",garden,"Yangpyeong area, Gyeonggi-do",경기도 양평군 양동면 메덩골길 1 주차장(입구),Check,https://map.naver.com/p/search/%EB%A9%94%EB%8D%A9%EA%B3%A8%EC%A0%95%EC%9B%90,https://www.instagram.com/reel/DXmSdgkkSQ8/ | https://www.instagram.com/p/DXeKplTjCJx/?img_index=4
Lee Jaehyo Gallery,이재효 갤러리,이재효갤러리,DAYTRIPS,sculpture gallery,"Yangpyeong area, Gyeonggi-do",경기도 양평군 지평면 초천길 83-22 이재효갤러리,High,https://map.naver.com/p/search/%EC%9D%B4%EC%9E%AC%ED%9A%A8%EA%B0%A4%EB%9F%AC%EB%A6%AC,https://www.instagram.com/reel/DXmSdgkkSQ8/
Dumulmeori,두물머리,두물머리,DAYTRIPS,riverside scenic spot,"Yangpyeong, Gyeonggi-do",경기도 양평군 양서면 양수리,High,https://map.naver.com/p/search/%EB%91%90%EB%AC%BC%EB%A8%B8%EB%A6%AC,https://www.instagram.com/reel/DXmSdgkkSQ8/
Nami Island,남이섬,남이섬,DAYTRIPS,island day trip,"Chuncheon / Gapyeong, Gangwon-do",강원특별자치도 춘천시 남산면 남이섬길 1,High,https://map.naver.com/p/search/%EB%82%A8%EC%9D%B4%EC%84%AC,https://www.instagram.com/reel/DW3Y1URkywP/
Busan,부산,부산광역시청,DAYTRIPS,city day/overnight trip,Busan,부산광역시 연제구 중앙대로 1001 부산광역시청,High,https://map.naver.com/p/search/%EB%B6%80%EC%82%B0%EA%B4%91%EC%97%AD%EC%8B%9C%EC%B2%AD,https://www.instagram.com/reel/DW3Y1URkywP/
Gamcheon Culture Village,감천문화마을,감천문화마을,DAYTRIPS,hillside village,Busan (Saha-gu),부산광역시 사하구 감내2로 203 감천문화마을안내센터,High,https://map.naver.com/p/search/%EA%B0%90%EC%B2%9C%EB%AC%B8%ED%99%94%EB%A7%88%EC%9D%84,https://www.instagram.com/reel/DW3Y1URkywP/
Gyeongju,경주,경주시청,DAYTRIPS,historic city day/overnight trip,"Gyeongju, Gyeongsangbuk-do",경상북도 경주시 양정로 260 경주시청,High,https://map.naver.com/p/search/%EA%B2%BD%EC%A3%BC%EC%8B%9C%EC%B2%AD,https://www.instagram.com/reel/DW3Y1URkywP/
Donggung Palace & Wolji Pond,동궁과 월지,동궁과 월지,"DAYTRIPS, Gyeongju, Architecture",palace / pond historic site,"Gyeongju, Gyeongsangbuk-do",경상북도 경주시 원화로 102 안압지,High,https://map.naver.com/p/search/%EB%8F%99%EA%B6%81%EA%B3%BC%20%EC%9B%94%EC%A7%80,https://www.instagram.com/p/DYJ7QeyEoD3/?img_index=6 | https://www.instagram.com/p/DXeKplTjCJx/?img_index=4 | https://www.instagram.com/reel/DW3Y1URkywP/
Suwon Hwaseong Fortress,수원 화성,수원화성,DAYTRIPS,fortress (UNESCO),"Suwon, Gyeonggi-do",경기도 수원시 장안구 영화동 320-2,High,https://map.naver.com/p/search/%EC%88%98%EC%9B%90%ED%99%94%EC%84%B1,https://www.instagram.com/reel/DW3Y1URkywP/
Hwadam Forest,화담숲,화담숲,DAYTRIPS,arboretum / forest,"Gwangju, Gyeonggi-do",경기도 광주시 도척면 도척윗로 278-1,High,https://map.naver.com/p/search/%ED%99%94%EB%8B%B4%EC%88%B2,https://www.instagram.com/reel/DW3Y1URkywP/
Kkangtong Dumpling,깡통만두,깡통만두,Bukchon Hanok Village,dumpling restaurant,"Seoul (Bukchon, Jongno-gu)",서울특별시 종로구 북촌로2길 5-6 1층,High,https://map.naver.com/p/search/%EA%B9%A1%ED%86%B5%EB%A7%8C%EB%91%90,https://www.instagram.com/reel/DXyi85gvkS3/
Artist Bakery,아티스트 베이커리,아티스트베이커리 안국,Bukchon Hanok Village,bakery,"Seoul (Bukchon, Jongno-gu)",서울특별시 종로구 율곡로 45 1층,High,https://map.naver.com/p/search/%EC%95%84%ED%8B%B0%EC%8A%A4%ED%8A%B8%EB%B2%A0%EC%9D%B4%EC%BB%A4%EB%A6%AC%20%EC%95%88%EA%B5%AD,https://www.instagram.com/reel/DXyi85gvkS3/
OIMU Bukchon,오이뮤 북촌,오이뮤 북촌,"Bukchon Hanok Village, Garden Festival",design shop / cafe,"Seoul (Bukchon, Jongno-gu)",서울특별시 종로구 윤보선길 65 1층,High,https://map.naver.com/p/search/%EC%98%A4%EC%9D%B4%EB%AE%A4%20%EB%B6%81%EC%B4%8C,https://www.instagram.com/p/DXYGv7Yk3ST/ | https://www.instagram.com/reel/DXyi85gvkS3/
Boobing Gahoe Branch,부빙 북촌점,부빙,Bukchon Hanok Village,bingsu / dessert cafe,"Seoul (Gahoe-dong, Jongno-gu)",서울특별시 종로구 북촌로7길 3-4,High,https://map.naver.com/p/search/%EB%B6%80%EB%B9%99,https://www.instagram.com/reel/DXyi85gvkS3/
Samcheongdong Hotteok,삼청동호떡,삼청동호떡,Bukchon Hanok Village,hotteok street food,"Seoul (Samcheong-dong, Jongno-gu)",서울특별시 종로구 율곡로3길 82-6,High,https://map.naver.com/p/search/%EC%82%BC%EC%B2%AD%EB%8F%99%ED%98%B8%EB%96%A1,https://www.instagram.com/reel/DXyi85gvkS3/
Rewind Cafe,리와인드,리와인드 서울,Bukchon Hanok Village,cafe,"Seoul (Bukchon, Jongno-gu)",서울특별시 종로구 율곡로 33 2F,High,https://map.naver.com/p/search/%EB%A6%AC%EC%99%80%EC%9D%B8%EB%93%9C%20%EC%84%9C%EC%9A%B8,https://www.instagram.com/reel/DXyi85gvkS3/
Hayeon-Ok,,,Nengmyeon,Jinju-style cold noodle (naengmyeon) restaurant,"Jinju, Gyeongsangnam-do",,Unresolved,https://map.naver.com/p/search/Hayeon-Ok,https://www.instagram.com/reel/DX0LGoJzmgp/
Nishimuramen,,,Ramen,ramen (Michelin Bib Gourmand),Seoul (Mapo-gu),"265 Donggyo-ro, 4th floor, Mapo-gu, Seoul (서울특별시 마포구 동교로 265 4층)",Unresolved,https://map.naver.com/p/search/Nishimuramen,https://www.instagram.com/reel/DX9hujuqfpR/
Jinmi Sikdang,,진미식당,Crab!,Soy-marinated raw crab (ganjang gejang),Seoul,서울특별시 마포구 마포대로 186-6,Check,https://map.naver.com/p/search/%EC%A7%84%EB%AF%B8%EC%8B%9D%EB%8B%B9,https://www.instagram.com/reel/DWm9zrIkz6v/
Odarijip,,오다리집 간장게장 역삼2호점,Crab!,Soy raw marinated crab (ganjang gejang),"Mapo-gu, Seoul (near Hongik Univ. Station exit 9)",서울특별시 강남구 논현로94길 5 2층,Check,https://map.naver.com/p/search/%EC%98%A4%EB%8B%A4%EB%A6%AC%EC%A7%91%20%EA%B0%84%EC%9E%A5%EA%B2%8C%EC%9E%A5%20%EC%97%AD%EC%82%BC2%ED%98%B8%EC%A0%90,https://www.instagram.com/reel/DWgLJq4Enbd/
Sancho,산초,산초,Crab!,Soy-marinated raw crab (ganjang gejang),"Gangnam-gu, Seoul (10-min walk from Gangnam-gu Office Station)",서울특별시 강남구 도산대로46길 11 1층 102호,High,https://map.naver.com/p/search/%EC%82%B0%EC%B4%88,https://www.instagram.com/reel/DYjWoosTPUL/
Seosulla-gil,서순라길,서순라길,Seosulla-gil,Historic walking street / alley along palace stone walls,"Jongno-gu, Seoul",서울특별시 종로구 권농동,High,https://map.naver.com/p/search/%EC%84%9C%EC%88%9C%EB%9D%BC%EA%B8%B8,https://www.instagram.com/reel/DXyroD4Tsb9/
Zion Jongno,,,Seosulla-gil,Restaurant / rooftop bar,"Jongno-gu, Seoul",,Unresolved,https://map.naver.com/p/search/Zion%20Jongno,https://www.instagram.com/reel/DXyroD4Tsb9/
Unpage (by Unspecialty),,언페이지,Cafe,Specialty coffee cafe,"Hannam-dong, Yongsan-gu, Seoul",서울특별시 용산구 한남대로27가길 13 2층,Check,https://map.naver.com/p/search/%EC%96%B8%ED%8E%98%EC%9D%B4%EC%A7%80,https://www.instagram.com/reel/DXo51JJj1V-/
Seonungak,선운각,선운각,Cafe,Hanok cafe,"Uidong, Gangbuk-gu, Seoul",서울특별시 강북구 삼양로173길 223 선운각,High,https://map.naver.com/p/search/%EC%84%A0%EC%9A%B4%EA%B0%81,https://www.instagram.com/reel/DXO8d3OEzRz/ | https://www.instagram.com/reel/DXbmU44EVdf/
Mil Toast Ikseon,밀토스트 익선점,밀토스트 익선점,Cafe,Bread cafe (savory steamed bread),"Jongno-gu (Ikseon-dong), Seoul",서울특별시 종로구 수표로28길 30-3 1층 밀토스트,High,https://map.naver.com/p/search/%EB%B0%80%ED%86%A0%EC%8A%A4%ED%8A%B8%20%EC%9D%B5%EC%84%A0%EC%A0%90,https://www.instagram.com/reel/DXLC3x6EwZ6/
Lowkey Coffee,로우키 커피,로우키,Cafe,Specialty coffee roastery,"Seongsu, Seoul","서울특별시 성동구 연무장3길 6 1층, B1층",High,https://map.naver.com/p/search/%EB%A1%9C%EC%9A%B0%ED%82%A4,https://www.instagram.com/p/DWc_dxZksMO/?img_index=4
Pin Coffee,핀커피,핀커피,Cafe,"Cafe (pet-friendly, garden)","Guui-dong, Gwangjin-gu, Seoul",서울특별시 광진구 아차산로 413-6,High,https://map.naver.com/p/search/%ED%95%80%EC%BB%A4%ED%94%BC,https://www.instagram.com/p/DWc_dxZksMO/?img_index=4
Fritz Coffee Company Wonseo,프릳츠 원서점,프릳츠 원서점,Cafe,"Specialty coffee cafe (hanok, within Arario Museum)","Wonseo-dong, Jongno-gu, Seoul",서울특별시 종로구 율곡로 83 아라리오 뮤지엄,High,https://map.naver.com/p/search/%ED%94%84%EB%A6%B3%EC%B8%A0%20%EC%9B%90%EC%84%9C%EC%A0%90,https://www.instagram.com/p/DWc_dxZksMO/?img_index=4
Protokoll,프로토콜,프로토콜 연희점,Cafe,Specialty coffee roastery (3-story),"Sangsu / Hapjeong, Seoul",서울특별시 서대문구 연희로 109 2층,High,https://map.naver.com/p/search/%ED%94%84%EB%A1%9C%ED%86%A0%EC%BD%9C%20%EC%97%B0%ED%9D%AC%EC%A0%90,https://www.instagram.com/p/DWc_dxZksMO/?img_index=4
Sami Coffee,사미커피,사미커피,Cafe,Specialty coffee cafe,"Jongno (near Dongdaemun), Seoul",서울특별시 종로구 종로41길 17 1층,High,https://map.naver.com/p/search/%EC%82%AC%EB%AF%B8%EC%BB%A4%ED%94%BC,https://www.instagram.com/p/DWc_dxZksMO/?img_index=4
Perception Coffee,퍼셉션 커피,퍼셉션 합정,Cafe,Specialty coffee cafe,"Hapjeong, Seoul",서울특별시 마포구 어울마당로1길 16 1층,Check,https://map.naver.com/p/search/%ED%8D%BC%EC%85%89%EC%85%98%20%ED%95%A9%EC%A0%95,https://www.instagram.com/p/DWc_dxZksMO/?img_index=4
Coffee Nap Roasters,커피냅 로스터스,커피냅로스터스 연남동,Cafe,Specialty coffee cafe (roastery),"Yeonnam-dong, Seoul",서울특별시 마포구 성미산로27길 70,High,https://map.naver.com/p/search/%EC%BB%A4%ED%94%BC%EB%83%85%EB%A1%9C%EC%8A%A4%ED%84%B0%EC%8A%A4%20%EC%97%B0%EB%82%A8%EB%8F%99,https://www.instagram.com/p/DWc_dxZksMO/?img_index=4
Upstanding Coffee,,업스탠딩,Cafe,Specialty coffee cafe (3-story),"Yongsan, Seoul",서울특별시 용산구 신흥로 99-11 Upstanding Coffee,Check,https://map.naver.com/p/search/%EC%97%85%EC%8A%A4%ED%83%A0%EB%94%A9,https://www.instagram.com/p/DWc_dxZksMO/?img_index=4
Kotton.Seoul,코튼서울,코튼서울,Cafe,Modern hanok cafe,"Insadong, Seoul",서울특별시 종로구 인사동12길 17 1층 코튼서울,High,https://map.naver.com/p/search/%EC%BD%94%ED%8A%BC%EC%84%9C%EC%9A%B8,https://www.instagram.com/p/DWc_dxZksMO/?img_index=4
Cafe 1 In 1 Jan,,,Cafe,"Cafe (6-story, Bukhansan views)","Jingwan-dong, Eunpyeong-gu, Seoul (Eunpyeong Hanok Village)","534 Yeonseo-ro, Jingwan-dong, Eunpyeong-gu, Seoul",Unresolved,https://map.naver.com/p/search/Cafe%201%20In%201%20Jan,https://www.instagram.com/reel/DUa1imDDZ1j/
Cafe Pokpo,카페폭포,카페폭포,Cafe,"Cafe ('Cafe Waterfall', waterfall views)","Seodaemun-gu, Seoul",서울특별시 서대문구 연희로 262-24,High,https://map.naver.com/p/search/%EC%B9%B4%ED%8E%98%ED%8F%AD%ED%8F%AC,https://www.instagram.com/reel/DUa1imDDZ1j/
Cheongsudang Bakery,,청수당 베이커리,"IKSON-DONG, Cafe","Bakery cafe (aesthetic, bamboo entrance)","Ikseon-dong, Jongno-gu, Seoul",서울특별시 종로구 돈화문로11나길 31-9,Check,https://map.naver.com/p/search/%EC%B2%AD%EC%88%98%EB%8B%B9%20%EB%B2%A0%EC%9D%B4%EC%BB%A4%EB%A6%AC,https://www.instagram.com/reel/DXYh1CLD3Z8/ | https://www.instagram.com/reel/DUa1imDDZ1j/
Antique Coffee,,앤티크커피 연남점,Cafe,Cafe (flower & European themed),"Jamsil, Songpa-gu, Seoul",서울특별시 마포구 연희로 25-1 1층 앤티크커피,Check,https://map.naver.com/p/search/%EC%95%A4%ED%8B%B0%ED%81%AC%EC%BB%A4%ED%94%BC%20%EC%97%B0%EB%82%A8%EC%A0%90,https://www.instagram.com/reel/DUa1imDDZ1j/
Cafe Onion (Anguk),,,Cafe,Hanok-style cafe / bakery,"Anguk, Jongno-gu, Seoul","5 Gyedong-gil, Jongno-gu, Seoul",Unresolved,https://map.naver.com/p/search/Cafe%20Onion%20%28Anguk%29,https://www.instagram.com/reel/DUa1imDDZ1j/
Thesogno,,더소뇨 강남점,Shopping,Luxury multi-brand shopping store,"Sinsa-dong, Gangnam-gu, Seoul (near Apgujeong Rodeo)",서울특별시 강남구 언주로172길 36 1층,Check,https://map.naver.com/p/search/%EB%8D%94%EC%86%8C%EB%87%A8%20%EA%B0%95%EB%82%A8%EC%A0%90,https://www.instagram.com/reel/DVlMCHcD_gR/
Hantangang Jusangjeolli Trail,,,Choerwon,Volcanic cliff walking trail (UNESCO Global Geopark),"Cheorwon, Gangwon-do",,Unresolved,https://map.naver.com/p/search/Hantangang%20Jusangjeolli%20Trail,https://www.instagram.com/reel/DYeRNiaCBkD/
Goseokjeong,,고석정,Choerwon,Scenic riverside spot / rock formations,"Cheorwon, Gangwon-do",강원특별자치도 철원군 동송읍 태봉로 1825,Check,https://map.naver.com/p/search/%EA%B3%A0%EC%84%9D%EC%A0%95,https://www.instagram.com/reel/DYeRNiaCBkD/
Cheorwon Makguksu,,,Choerwon,Makguksu (cold buckwheat noodles) restaurant,"Cheorwon, Gangwon-do",,Unresolved,https://map.naver.com/p/search/Cheorwon%20Makguksu,https://www.instagram.com/reel/DYeRNiaCBkD/
Skyline Luge Busan,,스카이라인루지 부산,Busan,Luge ride attraction,"Gijang-gun, Busan",부산광역시 기장군 기장읍 기장해안로 205,Check,https://map.naver.com/p/search/%EC%8A%A4%EC%B9%B4%EC%9D%B4%EB%9D%BC%EC%9D%B8%EB%A3%A8%EC%A7%80%20%EB%B6%80%EC%82%B0,https://www.instagram.com/reel/DVV5CZtERq6/
Gyeongju,,경주이주노동자센터,Gyeongju,historic city / region,"Gyeongju, North Gyeongsang Province",경상북도 경주시 원화로 294,Check,https://map.naver.com/p/search/%EA%B2%BD%EC%A3%BC%EC%9D%B4%EC%A3%BC%EB%85%B8%EB%8F%99%EC%9E%90%EC%84%BC%ED%84%B0,https://www.instagram.com/p/DYJ7QeyEoD3/?img_index=6
Hwangridan-gil,,외가 황리단길본점,Gyeongju,street / cafe & shop district,Gyeongju,경상북도 경주시 사정로57번길 7 외가,Check,https://map.naver.com/p/search/%EC%99%B8%EA%B0%80%20%ED%99%A9%EB%A6%AC%EB%8B%A8%EA%B8%B8%EB%B3%B8%EC%A0%90,https://www.instagram.com/p/DYJ7QeyEoD3/?img_index=6
Tumuli Park,,,Gyeongju,park / royal burial mounds,Gyeongju,,Unresolved,https://map.naver.com/p/search/Tumuli%20Park,https://www.instagram.com/p/DYJ7QeyEoD3/?img_index=6
Cakebite,,케이크한입 황리단길점,Gyeongju,cafe,Gyeongju,경상북도 경주시 태종로 751 1층 케이크한입,Check,https://map.naver.com/p/search/%EC%BC%80%EC%9D%B4%ED%81%AC%ED%95%9C%EC%9E%85%20%ED%99%A9%EB%A6%AC%EB%8B%A8%EA%B8%B8%EC%A0%90,https://www.instagram.com/p/DYJ7QeyEoD3/?img_index=6
Cheomseongdae,,첨성대,Gyeongju,historic observatory,Gyeongju,경상북도 경주시 인왕동 839-1,Check,https://map.naver.com/p/search/%EC%B2%A8%EC%84%B1%EB%8C%80,https://www.instagram.com/p/DYJ7QeyEoD3/?img_index=6
Seonhwa,,선화,Gyeongju,cafe (hand drip coffee),Gyeongju,경상북도 경주시 태종로 736-3 선화,Check,https://map.naver.com/p/search/%EC%84%A0%ED%99%94,https://www.instagram.com/p/DYJ7QeyEoD3/?img_index=6
Gyerim Forest,,,Gyeongju,forest / nature,Gyeongju,,Unresolved,https://map.naver.com/p/search/Gyerim%20Forest,https://www.instagram.com/p/DYJ7QeyEoD3/?img_index=6
Hoof Hoof,,후프코퍼레이션,Gyeongju,cafe (with ponies),Gyeongju,서울특별시 성동구 성수일로8길 5 A-401,Unresolved,https://map.naver.com/p/search/%ED%9B%84%ED%94%84%EC%BD%94%ED%8D%BC%EB%A0%88%EC%9D%B4%EC%85%98,https://www.instagram.com/p/DYJ7QeyEoD3/?img_index=6
Skunkworks,,스컹크웍스,Gyeongju,hanok house cafe,Gyeongju,경상북도 경주시 포석로 1058-3 스컹크웍스,Check,https://map.naver.com/p/search/%EC%8A%A4%EC%BB%B9%ED%81%AC%EC%9B%8D%EC%8A%A4,https://www.instagram.com/p/DYJ7QeyEoD3/?img_index=6
Hwangnyongsa Hall,,,Gyeongju,historic hall / museum,Gyeongju,,Unresolved,https://map.naver.com/p/search/Hwangnyongsa%20Hall,https://www.instagram.com/p/DYJ7QeyEoD3/?img_index=6
Jungdo Tower,,,Gyeongju,landmark / modern recreation,Gyeongju,,Unresolved,https://map.naver.com/p/search/Jungdo%20Tower,https://www.instagram.com/p/DYJ7QeyEoD3/?img_index=6
Bomun Lake,,보문호,Gyeongju,lake (biking),Gyeongju,경상북도 경주시 신평동,Check,https://map.naver.com/p/search/%EB%B3%B4%EB%AC%B8%ED%98%B8,https://www.instagram.com/p/DYJ7QeyEoD3/?img_index=6
Gyeongju World,,경주월드,Gyeongju,theme park,Gyeongju,경상북도 경주시 보문로 544,Check,https://map.naver.com/p/search/%EA%B2%BD%EC%A3%BC%EC%9B%94%EB%93%9C,https://www.instagram.com/p/DYJ7QeyEoD3/?img_index=6
Gyeongju Shim Cafe,,,Gyeongju,rooftop cafe,Gyeongju,,Unresolved,https://map.naver.com/p/search/Gyeongju%20Shim%20Cafe,https://www.instagram.com/p/DYJ7QeyEoD3/?img_index=6
Saltimbocca Seoul,,,Italian Food,Italian restaurant (handmade pasta),"Namyeong, Seoul",,Unresolved,https://map.naver.com/p/search/Saltimbocca%20Seoul,https://www.instagram.com/reel/DVJ_dkwDBma/
Gijang,,기장교회,Grilled Eel gijang north of busan,region known for conger eel restaurants,"Gijang-gun, Busan area (north of Busan)",부산광역시 기장군 기장읍 차성동로 58,Check,https://map.naver.com/p/search/%EA%B8%B0%EC%9E%A5%EA%B5%90%ED%9A%8C,https://www.instagram.com/reel/DX73AeFzfyV/
Unagi Kyodai,우나기쿄다이,우나기쿄다이,Grilled Eel gijang north of busan,Nagoya-style eel rice bowl restaurant,"Gwanak-gu, Seoul (near Seoul National University Station)",서울특별시 관악구 청룡1길 16 101호,High,https://map.naver.com/p/search/%EC%9A%B0%EB%82%98%EA%B8%B0%EC%BF%84%EB%8B%A4%EC%9D%B4,https://www.instagram.com/reel/DWp_wqLCTKn/
Hyunsunine,,현선이네 용산본점,Yongsan,tteokbokki / street snack restaurant,"Yongsan, Seoul",서울특별시 용산구 한강대로39길 2-13,Check,https://map.naver.com/p/search/%ED%98%84%EC%84%A0%EC%9D%B4%EB%84%A4%20%EC%9A%A9%EC%82%B0%EB%B3%B8%EC%A0%90,https://www.instagram.com/reel/DX88Mq5Jgyw/
Leeum Museum of Art,리움미술관,카멜커피 리움미술관점,Architecture,art museum / architecture,"Hannam-dong, Yongsan-gu, Seoul",서울특별시 용산구 이태원로55길 60-16 리움미술관 로비 지하3층,High,https://map.naver.com/p/search/%EC%B9%B4%EB%A9%9C%EC%BB%A4%ED%94%BC%20%EB%A6%AC%EC%9B%80%EB%AF%B8%EC%88%A0%EA%B4%80%EC%A0%90,https://www.instagram.com/p/DXbaFwOE_AH/?img_index=12 | https://www.instagram.com/p/DXT5NWKEhQY/?img_index=5 | https://www.instagram.com/p/DZD4-dzDSTT/?img_index=5
JUUN.J Dosan Flagship,준지 도산 플래그십,준지 도산 플래그십 스토어,Architecture,fashion flagship store / architecture,"Dosan / Gangnam, Seoul",서울특별시 강남구 언주로164길 23 (신사동) 준지 도산 플래그쉽스토어,High,https://map.naver.com/p/search/%EC%A4%80%EC%A7%80%20%EB%8F%84%EC%82%B0%20%ED%94%8C%EB%9E%98%EA%B7%B8%EC%8B%AD%20%EC%8A%A4%ED%86%A0%EC%96%B4,https://www.instagram.com/p/DXT5NWKEhQY/?img_index=5
SongEun Art and Cultural Foundation,송은,송은,Architecture,art foundation / architecture,"Cheongdam, Seoul",서울특별시 강남구 도산대로 441,High,https://map.naver.com/p/search/%EC%86%A1%EC%9D%80,https://www.instagram.com/p/DXT5NWKEhQY/?img_index=5
025S,025S 성수,포인트투파이브세컨드 성수 하우스,Architecture,perfume atelier / tea space / architecture,"Seongsu, Seoul",서울특별시 성동구 왕십리로14길 20,Check,https://map.naver.com/p/search/%ED%8F%AC%EC%9D%B8%ED%8A%B8%ED%88%AC%ED%8C%8C%EC%9D%B4%EB%B8%8C%EC%84%B8%EC%BB%A8%EB%93%9C%20%EC%84%B1%EC%88%98%20%ED%95%98%EC%9A%B0%EC%8A%A4,https://www.instagram.com/p/DXT5NWKEhQY/?img_index=5
Audeum Audio Museum,오디움,오디움,Architecture,audio museum / architecture,Seoul,서울특별시 서초구 헌릉로8길 6,High,https://map.naver.com/p/search/%EC%98%A4%EB%94%94%EC%9B%80,https://www.instagram.com/p/DXT5NWKEhQY/?img_index=5
Dongdaemun Design Plaza (DDP),동대문디자인플라자,동대문디자인플라자,Architecture,design plaza / architecture,"Dongdaemun, Seoul",서울특별시 중구 을지로 281,High,https://map.naver.com/p/search/%EB%8F%99%EB%8C%80%EB%AC%B8%EB%94%94%EC%9E%90%EC%9D%B8%ED%94%8C%EB%9D%BC%EC%9E%90,https://www.instagram.com/p/DXT5NWKEhQY/?img_index=5
Seoul,,서울석촌동고분군,Architecture,architecture photo hunt (city),Seoul,서울특별시 송파구,Check,https://map.naver.com/p/search/%EC%84%9C%EC%9A%B8%EC%84%9D%EC%B4%8C%EB%8F%99%EA%B3%A0%EB%B6%84%EA%B5%B0,https://www.instagram.com/reel/DXgjNheE-jG/
Haus Nowhere Seoul,,하우스 노웨어 서울,Architecture,building / architecture,Seoul,서울특별시 성동구 뚝섬로 433,Check,https://map.naver.com/p/search/%ED%95%98%EC%9A%B0%EC%8A%A4%20%EB%85%B8%EC%9B%A8%EC%96%B4%20%EC%84%9C%EC%9A%B8,https://www.instagram.com/p/DXbaFwOE_AH/?img_index=12
Dongdaemun Design Plaza (DDP),,동대문디자인플라자,Architecture,design plaza / architecture,"Dongdaemun, Seoul",서울특별시 중구 을지로 281,Check,https://map.naver.com/p/search/%EB%8F%99%EB%8C%80%EB%AC%B8%EB%94%94%EC%9E%90%EC%9D%B8%ED%94%8C%EB%9D%BC%EC%9E%90,https://www.instagram.com/p/DXbaFwOE_AH/?img_index=12 | https://www.instagram.com/p/DZD4-dzDSTT/?img_index=5 | https://www.instagram.com/p/DWi4jxfiVaL/?img_index=3
Club Chroma,,클럽 크로마,Architecture,club / architecture,Seoul,인천광역시 중구 영종해안남로321번길 186 파라다이스시티 크로마,Unresolved,https://map.naver.com/p/search/%ED%81%B4%EB%9F%BD%20%ED%81%AC%EB%A1%9C%EB%A7%88,https://www.instagram.com/p/DXbaFwOE_AH/?img_index=12
Starfield Library,,예지닷컴,Architecture,library / architecture,Seoul (Starfield COEX Mall),경기도 고양시 덕양구 통일로 140 삼송태크노밸리 B동 238호,Unresolved,https://map.naver.com/p/search/%EC%98%88%EC%A7%80%EB%8B%B7%EC%BB%B4,https://www.instagram.com/p/DXbaFwOE_AH/?img_index=12
GT Tower,,지티타워약국,Architecture,office tower / architecture,Seoul,서울특별시 서초구 서초대로 411,Check,https://map.naver.com/p/search/%EC%A7%80%ED%8B%B0%ED%83%80%EC%9B%8C%EC%95%BD%EA%B5%AD,https://www.instagram.com/p/DXbaFwOE_AH/?img_index=12
Seosomun Shrine History Museum,,,Architecture,history museum / architecture,Seoul,,Unresolved,https://map.naver.com/p/search/Seosomun%20Shrine%20History%20Museum,https://www.instagram.com/p/DXbaFwOE_AH/?img_index=12
Namsan Tower (Namsan Park),,,Architecture,observation tower / park,"Namsan Park, Seoul",,Unresolved,https://map.naver.com/p/search/Namsan%20Tower%20%28Namsan%20Park%29,https://www.instagram.com/p/DXbaFwOE_AH/?img_index=12
Yoonseul: Manridong Reflecting Seoul,윤슬,윤슬,Architecture,public art installation / architecture,"Manri-dong, Seoul (near Seoul Station)",서울특별시 중구 세종대로 14 그랜드센트럴 1층,High,https://map.naver.com/p/search/%EC%9C%A4%EC%8A%AC,https://www.instagram.com/p/DXbaFwOE_AH/?img_index=12
Ewha Womans University,,이화여자대학교,Architecture,university / architecture,"Seodaemun-gu, Seoul",서울특별시 서대문구 이화여대길 52,Check,https://map.naver.com/p/search/%EC%9D%B4%ED%99%94%EC%97%AC%EC%9E%90%EB%8C%80%ED%95%99%EA%B5%90,https://www.instagram.com/p/DXbaFwOE_AH/?img_index=12
Gangnam Station Exit 9,,,Architecture,public space / architecture,"Gangnam, Seoul",,Unresolved,https://map.naver.com/p/search/Gangnam%20Station%20Exit%209,https://www.instagram.com/p/DXbaFwOE_AH/?img_index=12
National Museum of Korea,,국립고궁박물관,Architecture,national museum / architecture,"Yongsan-gu, Seoul",서울특별시 종로구 효자로 12 국립고궁박물관,Check,https://map.naver.com/p/search/%EA%B5%AD%EB%A6%BD%EA%B3%A0%EA%B6%81%EB%B0%95%EB%AC%BC%EA%B4%80,https://www.instagram.com/p/DXbaFwOE_AH/?img_index=12
Itami Jun Museum,,유동룡미술관,"Jeju, Architecture",museum / architecture,"Hallim, Jeju",제주특별자치도 제주시 한림읍 용금로 906-10 유동룡미술관(ITAMI JUN MUSEUM),Check,https://map.naver.com/p/search/%EC%9C%A0%EB%8F%99%EB%A3%A1%EB%AF%B8%EC%88%A0%EA%B4%80,https://www.instagram.com/reel/DYEgLnZNw_u/ | https://www.instagram.com/p/DWi4jxfiVaL/?img_index=3
Breath Coffee Works,,브레스커피웍스,Architecture,cafe / architecture,Ha-dong / Gyeongju,경상북도 경주시 보불로 204-8 브레스커피웍스,Check,https://map.naver.com/p/search/%EB%B8%8C%EB%A0%88%EC%8A%A4%EC%BB%A4%ED%94%BC%EC%9B%8D%EC%8A%A4,https://www.instagram.com/p/DXeKplTjCJx/?img_index=4 | https://www.instagram.com/p/DWi4jxfiVaL/?img_index=3
Audeum Audio Museum,,,Architecture,audio museum / architecture,"Sinwon, Seoul",,Unresolved,https://map.naver.com/p/search/Audeum%20Audio%20Museum,https://www.instagram.com/p/DWi4jxfiVaL/?img_index=3
LG Arts Center Seoul,,LG아트센터 서울,Architecture,arts center / architecture,"Magok, Seoul",서울특별시 강서구 마곡중앙로 136 LG아트센터 서울,Check,https://map.naver.com/p/search/LG%EC%95%84%ED%8A%B8%EC%84%BC%ED%84%B0%20%EC%84%9C%EC%9A%B8,https://www.instagram.com/p/DWi4jxfiVaL/?img_index=3
MMCA (National Museum of Modern and Contemporary Art),,,Architecture,art museum / architecture,"Samcheong, Seoul",,Unresolved,https://map.naver.com/p/search/MMCA%20%28National%20Museum%20of%20Modern%20and%20Contemporary%20Art%29,https://www.instagram.com/p/DWi4jxfiVaL/?img_index=3
Yuji Coffee Works,,유지커피웍스,Architecture,cafe / architecture,"Orai, Jeju",제주특별자치도 제주시 오남로 297 유지커피웍스,Check,https://map.naver.com/p/search/%EC%9C%A0%EC%A7%80%EC%BB%A4%ED%94%BC%EC%9B%8D%EC%8A%A4,https://www.instagram.com/p/DWi4jxfiVaL/?img_index=3
025S,,포인트투파이브세컨드 성수 하우스,Architecture,cafe and store / architecture,"Seongsu, Seoul",서울특별시 성동구 왕십리로14길 20,Check,https://map.naver.com/p/search/%ED%8F%AC%EC%9D%B8%ED%8A%B8%ED%88%AC%ED%8C%8C%EC%9D%B4%EB%B8%8C%EC%84%B8%EC%BB%A8%EB%93%9C%20%EC%84%B1%EC%88%98%20%ED%95%98%EC%9A%B0%EC%8A%A4,https://www.instagram.com/p/DWi4jxfiVaL/?img_index=3
Infilm,,필름인필터,Architecture,building / architecture,between Busan & Seoul,서울특별시 마포구 월드컵로3길 31-32 2층,Check,https://map.naver.com/p/search/%ED%95%84%EB%A6%84%EC%9D%B8%ED%95%84%ED%84%B0,https://www.instagram.com/p/DXeKplTjCJx/?img_index=4
Kansong Art Museum,,대구간송미술관,Architecture,art museum / architecture,Daegu,대구광역시 수성구 미술관로 70 대구간송미술관,Check,https://map.naver.com/p/search/%EB%8C%80%EA%B5%AC%EA%B0%84%EC%86%A1%EB%AF%B8%EC%88%A0%EA%B4%80,https://www.instagram.com/p/DXeKplTjCJx/?img_index=4
MYOUN,,묘운MYOUN,Architecture,building / architecture,between Busan & Seoul,서울특별시 동대문구 제기로 19-10 3층 302호,High,https://map.naver.com/p/search/%EB%AC%98%EC%9A%B4MYOUN,https://www.instagram.com/p/DXeKplTjCJx/?img_index=4
SIHOJAE,,시호재&amp;시차,Architecture,building / architecture,between Busan & Seoul,경상북도 칠곡군 석적읍 망정1길 11-21 시호재,Unresolved,https://map.naver.com/p/search/%EC%8B%9C%ED%98%B8%EC%9E%AC%26amp%3B%EC%8B%9C%EC%B0%A8,https://www.instagram.com/p/DXeKplTjCJx/?img_index=4
SAYUWON,,사유원,Architecture,garden / architecture,between Busan & Seoul,대구광역시 군위군 부계면 치산효령로 1150 사유원 제1주차장 치허문,Unresolved,https://map.naver.com/p/search/%EC%82%AC%EC%9C%A0%EC%9B%90,https://www.instagram.com/p/DXeKplTjCJx/?img_index=4
Byeongsanseowon Confucian Academy,,,Architecture,Confucian academy / historic site,Andong area,,Unresolved,https://map.naver.com/p/search/Byeongsanseowon%20Confucian%20Academy,https://www.instagram.com/p/DXeKplTjCJx/?img_index=4
Danyang Guinsa Temple,,,Architecture,temple,Danyang,,Unresolved,https://map.naver.com/p/search/Danyang%20Guinsa%20Temple,https://www.instagram.com/p/DXeKplTjCJx/?img_index=4
Concretewall,,콘크리트월,Architecture,building / architecture,between Busan & Seoul,충청북도 제천시 금성면 청풍호로 1566 콘크리트월,Unresolved,https://map.naver.com/p/search/%EC%BD%98%ED%81%AC%EB%A6%AC%ED%8A%B8%EC%9B%94,https://www.instagram.com/p/DXeKplTjCJx/?img_index=4
Museum SAN,,뮤지엄산,Architecture,art museum / architecture,"Wonju, Gangwon",강원특별자치도 원주시 지정면 오크밸리2길 260 뮤지엄산,Check,https://map.naver.com/p/search/%EB%AE%A4%EC%A7%80%EC%97%84%EC%82%B0,https://www.instagram.com/p/DXeKplTjCJx/?img_index=4
025S (Two Point Five Second),,,Architecture,cafe / tea house / architecture,"Seongsu, Seoul",,Unresolved,https://map.naver.com/p/search/025S%20%28Two%20Point%20Five%20Second%29,https://www.instagram.com/p/DZD4-dzDSTT/?img_index=5
Yoonseul: Manridong Reflecting Seoul,,,Architecture,public art installation,"Manri-dong, Seoul (outside Seoul Station)",,Unresolved,https://map.naver.com/p/search/Yoonseul%3A%20Manridong%20Reflecting%20Seoul,https://www.instagram.com/p/DZD4-dzDSTT/?img_index=5
Inwangsan shelter in the woods,,,Architecture,library (former soldiers' quarters) / hiking,"Inwangsan, Seoul",,Unresolved,https://map.naver.com/p/search/Inwangsan%20shelter%20in%20the%20woods,https://www.instagram.com/p/DZD4-dzDSTT/?img_index=5
Sancheong Sutbul Garden,산청 숯불가든,산청숯불가든 을지로,Seoul BBQ,Korean BBQ restaurant,Seoul,서울특별시 중구 을지로 114-6 1층,High,https://map.naver.com/p/search/%EC%82%B0%EC%B2%AD%EC%88%AF%EB%B6%88%EA%B0%80%EB%93%A0%20%EC%9D%84%EC%A7%80%EB%A1%9C,https://www.instagram.com/reel/DVI_d-VD4Y-/
Myeongsojip,명소집,명소집,Seoul BBQ,"Korean BBQ (charcoal/straw-fire, woo-dae galbi)","Myeongdong, Jung-gu, Seoul (172m from Myeongdong Station Exit 3)","서울특별시 중구 퇴계로20길 13 1,2층",High,https://map.naver.com/p/search/%EB%AA%85%EC%86%8C%EC%A7%91,https://www.instagram.com/reel/DXk1K2Tk5kS/
Geumsan,,금산식당,Bread2,bakery (whole wheat / farm to table),"Geumsan, South Chungcheong Province",서울특별시 동대문구 약령시로21길 30,Check,https://map.naver.com/p/search/%EA%B8%88%EC%82%B0%EC%8B%9D%EB%8B%B9,https://www.instagram.com/reel/DXN7Kisk6B1/
Ttukseom Hangang Park,,뚝섬한강공원,"Han River, Garden Festival",riverside park / picnic spot,Seoul (Han River / Ttukseom),서울특별시 광진구 자양동 704-1,Check,https://map.naver.com/p/search/%EB%9A%9D%EC%84%AC%ED%95%9C%EA%B0%95%EA%B3%B5%EC%9B%90,https://www.instagram.com/reel/DXL-a8ND33k/ | https://www.instagram.com/p/DXYGv7Yk3ST/
Han River,한강,한강,Han River,river / recreation area,Seoul,서울특별시 영등포구 여의동로 300-2,High,https://map.naver.com/p/search/%ED%95%9C%EA%B0%95,https://www.instagram.com/reel/DXL-a8ND33k/
Number one Filipino restaurant in Korea (unnamed),,,Filipino Restaurant,Filipino restaurant,Korea,,Unresolved,https://map.naver.com/p/search/Number%20one%20Filipino%20restaurant%20in%20Korea%20%28unnamed%29,https://www.facebook.com/reel/1147537077460850/
Hannamdong Hanbang Tongdak,한남동한방통닭,한남동한방통닭,KOREA ROAST CHICKEN,wood-fire roast chicken restaurant,"Hannam-dong, Yongsan-gu, Seoul","서울특별시 용산구 대사관로34길 12 1, 2층",High,https://map.naver.com/p/search/%ED%95%9C%EB%82%A8%EB%8F%99%ED%95%9C%EB%B0%A9%ED%86%B5%EB%8B%AD,https://www.instagram.com/reel/DXVfTIljtrD/
The Grazing Pig,풀뜯는 돼지,풀뜯는돼지,HONGDAE,restaurant,"Hongdae, Mapo-gu, Seoul",서울특별시 마포구 동교로32길 7 1층 풀뜯는돼지,High,https://map.naver.com/p/search/%ED%92%80%EB%9C%AF%EB%8A%94%EB%8F%BC%EC%A7%80,https://www.instagram.com/p/DXWTa0KDxtq/?img_index=6
Olive Young Hongdae Town,올리브영 홍대타운,올리브영 홍대 타운,HONGDAE,beauty / drugstore (cosmetics),"Hongdae, Mapo-gu, Seoul",서울특별시 마포구 홍익로6길 57 올리브영 홍대 타운,High,https://map.naver.com/p/search/%EC%98%AC%EB%A6%AC%EB%B8%8C%EC%98%81%20%ED%99%8D%EB%8C%80%20%ED%83%80%EC%9A%B4,https://www.instagram.com/p/DXWTa0KDxtq/?img_index=6
Kakao Friends Hongdae Flagship Store,카카오프렌즈 홍대 플래그십 스토어,카카오프렌즈 홍대플래그십 스토어,HONGDAE,character goods flagship store,"Hongdae, Mapo-gu, Seoul",서울특별시 마포구 양화로 162 좋은사람들빌딩 1~3층,High,https://map.naver.com/p/search/%EC%B9%B4%EC%B9%B4%EC%98%A4%ED%94%84%EB%A0%8C%EC%A6%88%20%ED%99%8D%EB%8C%80%ED%94%8C%EB%9E%98%EA%B7%B8%EC%8B%AD%20%EC%8A%A4%ED%86%A0%EC%96%B4,https://www.instagram.com/p/DXWTa0KDxtq/?img_index=6
Zakdangmoi,작당모의,작당모의,HONGDAE,venue (cafe/bar),"Hongdae, Mapo-gu, Seoul",서울특별시 마포구 동교로32길 19 1층,High,https://map.naver.com/p/search/%EC%9E%91%EB%8B%B9%EB%AA%A8%EC%9D%98,https://www.instagram.com/p/DXWTa0KDxtq/?img_index=6
KT&G Sangsangmadang,KT&G 상상마당,KT&amp;G 상상마당,HONGDAE,cultural / arts complex,"Hongdae, Mapo-gu, Seoul",서울특별시 마포구 어울마당로 65 상상마당빌딩,Check,https://map.naver.com/p/search/KT%26amp%3BG%20%EC%83%81%EC%83%81%EB%A7%88%EB%8B%B9,https://www.instagram.com/p/DXWTa0KDxtq/?img_index=6
Pumparcade Hongdae,펌프아케이드 홍대점,펌프아케이드 홍대점,HONGDAE,arcade / games,"Hongdae, Mapo-gu, Seoul",서울특별시 마포구 와우산로21길 20 지하1층,High,https://map.naver.com/p/search/%ED%8E%8C%ED%94%84%EC%95%84%EC%BC%80%EC%9D%B4%EB%93%9C%20%ED%99%8D%EB%8C%80%EC%A0%90,https://www.instagram.com/p/DXWTa0KDxtq/?img_index=6
Hangaram Stationery Store (Hongik University branch),한가람문구 홍익대점,한가람문구 홍익대점,HONGDAE,stationery store,"Hongdae / Hongik University, Mapo-gu, Seoul",서울특별시 마포구 와우산로 94 홍익대학교 홍문관내 로비층,High,https://map.naver.com/p/search/%ED%95%9C%EA%B0%80%EB%9E%8C%EB%AC%B8%EA%B5%AC%20%ED%99%8D%EC%9D%B5%EB%8C%80%EC%A0%90,https://www.instagram.com/p/DXWTa0KDxtq/?img_index=6
Ikseon-dong,익선동,서울커피 익선본점,IKSON-DONG,neighborhood / hanok alley district,"Ikseon-dong, Jongno-gu, Seoul",서울특별시 종로구 수표로28길 33-3 1층 서울커피,Check,https://map.naver.com/p/search/%EC%84%9C%EC%9A%B8%EC%BB%A4%ED%94%BC%20%EC%9D%B5%EC%84%A0%EB%B3%B8%EC%A0%90,https://www.instagram.com/reel/DXYh1CLD3Z8/
Oncheon Ikseon,,,IKSON-DONG,venue (cafe/restaurant),"Ikseon-dong, Jongno-gu, Seoul",,Unresolved,https://map.naver.com/p/search/Oncheon%20Ikseon,https://www.instagram.com/reel/DXYh1CLD3Z8/
Ikseon-dong Yeolliji,익선동 연리지,익선동연리지,IKSON-DONG,restaurant / cafe,"Ikseon-dong, Jongno-gu, Seoul",서울특별시 종로구 돈화문로11나길 28-1 1층,High,https://map.naver.com/p/search/%EC%9D%B5%EC%84%A0%EB%8F%99%EC%97%B0%EB%A6%AC%EC%A7%80,https://www.instagram.com/reel/DXYh1CLD3Z8/
Flippers (Ikseon branch),,,IKSON-DONG,dessert cafe (souffle pancakes),"Ikseon-dong, Jongno-gu, Seoul",,Unresolved,https://map.naver.com/p/search/Flippers%20%28Ikseon%20branch%29,https://www.instagram.com/reel/DXYh1CLD3Z8/
Ikseon Egg Tart,,익선에그타르트,IKSON-DONG,bakery / egg tart shop,"Ikseon-dong, Jongno-gu, Seoul",서울특별시 종로구 돈화문로11가길 19 1층,Check,https://map.naver.com/p/search/%EC%9D%B5%EC%84%A0%EC%97%90%EA%B7%B8%ED%83%80%EB%A5%B4%ED%8A%B8,https://www.instagram.com/reel/DXYh1CLD3Z8/
Ikseon Alleyways shops,,,IKSON-DONG,shopping alleys,"Ikseon-dong, Jongno-gu, Seoul",,Unresolved,https://map.naver.com/p/search/Ikseon%20Alleyways%20shops,https://www.instagram.com/reel/DXYh1CLD3Z8/
2026 Seoul International Garden Show,,,Garden Festival,garden festival / event,"Seoul Forest / Ttukseom Hangang Park / Seongsu-Hwadong, Seoul",,Unresolved,https://map.naver.com/p/search/2026%20Seoul%20International%20Garden%20Show,https://www.instagram.com/p/DXYGv7Yk3ST/
The Hanok Heritage House,더 한옥 헤리티지,더한옥헤리티지,Hanok heritage house,hanok hotel / stay,"Yeongwol-gun, Gangwon-do",강원특별자치도 영월군 남면 문개실길 37-200,High,https://map.naver.com/p/search/%EB%8D%94%ED%95%9C%EC%98%A5%ED%97%A4%EB%A6%AC%ED%8B%B0%EC%A7%80,https://www.instagram.com/p/DXjrAQpEzYe/?img_index=5
North Korean food restaurant in Gangnam (unnamed),,,Gangnam,North Korean cuisine restaurant,"Gangnam, Seoul",,Unresolved,https://map.naver.com/p/search/North%20Korean%20food%20restaurant%20in%20Gangnam%20%28unnamed%29,https://www.instagram.com/reel/DXnlnfbkwe3/
Gamekol Son Wangmandu,,,Must EAT,mandu (dumpling) restaurant,"Namdaemun Market, Jung-gu, Seoul","42 Namdaemunsijang 4-gil, Jung District, Seoul, South Korea",Unresolved,https://map.naver.com/p/search/Gamekol%20Son%20Wangmandu,https://www.instagram.com/reel/DXpuM6PPHLx/
Yumin Art Nouveau Collection,,,Jeju,art museum (Tadao Ando),Jeju,,Unresolved,https://map.naver.com/p/search/Yumin%20Art%20Nouveau%20Collection,https://www.instagram.com/p/DYhQixdkvBn/?img_index=6
Bonte Museum,본태박물관,본태박물관,Jeju,art museum (Tadao Ando),"Andeok-myeon, Seogwipo-si, Jeju",제주특별자치도 서귀포시 안덕면 산록남로762번길 69 본태박물관,High,https://map.naver.com/p/search/%EB%B3%B8%ED%83%9C%EB%B0%95%EB%AC%BC%EA%B4%80,https://www.instagram.com/p/DYhQixdkvBn/?img_index=6 | https://www.instagram.com/reel/DYEgLnZNw_u/
Water Wind Stone Museum,수풍석뮤지엄,수풍석 뮤지엄,Jeju,architecture / museum (Itami Jun),"Andeok-myeon, Seogwipo-si, Jeju",제주특별자치도 서귀포시 안덕면 산록남로762번길 79,High,https://map.naver.com/p/search/%EC%88%98%ED%92%8D%EC%84%9D%20%EB%AE%A4%EC%A7%80%EC%97%84,https://www.instagram.com/p/DYhQixdkvBn/?img_index=6 | https://www.instagram.com/reel/DYEgLnZNw_u/
Podo Hotel,포도호텔,핀크스 포도호텔,Jeju,hotel (Itami Jun architecture),"Andeok-myeon, Seogwipo-si, Jeju",제주특별자치도 서귀포시 안덕면 산록남로 863,High,https://map.naver.com/p/search/%ED%95%80%ED%81%AC%EC%8A%A4%20%ED%8F%AC%EB%8F%84%ED%98%B8%ED%85%94,https://www.instagram.com/reel/DYEgLnZNw_u/
Bangju Church,방주교회,방주교회,Jeju,church / architecture,"Andeok-myeon, Seogwipo-si, Jeju",서울특별시 마포구 마포대로 173-16,High,https://map.naver.com/p/search/%EB%B0%A9%EC%A3%BC%EA%B5%90%ED%9A%8C,https://www.instagram.com/reel/DYEgLnZNw_u/
Kim Tschang-Yeul Art Museum,제주도립김창열미술관,제주도립김창열미술관,Jeju,art museum,"Hangyeong-myeon, Jeju-si, Jeju",제주특별자치도 제주시 한림읍 용금로 883-5,High,https://map.naver.com/p/search/%EC%A0%9C%EC%A3%BC%EB%8F%84%EB%A6%BD%EA%B9%80%EC%B0%BD%EC%97%B4%EB%AF%B8%EC%88%A0%EA%B4%80,https://www.instagram.com/reel/DYEgLnZNw_u/
Sagye Beach,사계해변,사계해변국수,Jeju,beach,"Andeok-myeon, Seogwipo-si, Jeju",제주특별자치도 서귀포시 안덕면 형제해안로 24 . 1층,High,https://map.naver.com/p/search/%EC%82%AC%EA%B3%84%ED%95%B4%EB%B3%80%EA%B5%AD%EC%88%98,https://www.instagram.com/p/DYQVv-OlsT5/?img_index=9
Akeun Darangshi Oreum,아끈다랑쉬오름,,Jeju,oreum (cinder cone) / hike,"Gujwa-eup, Jeju-si, Jeju",,Unresolved,https://map.naver.com/p/search/%EC%95%84%EB%81%88%EB%8B%A4%EB%9E%91%EC%89%AC%EC%98%A4%EB%A6%84,https://www.instagram.com/p/DYQVv-OlsT5/?img_index=9
Yongmeori Coast,용머리해안,용머리해안,Jeju,coastal cliffs / scenic coast,"Andeok-myeon, Seogwipo-si, Jeju",제주특별자치도 서귀포시 안덕면 사계리 112-3,High,https://map.naver.com/p/search/%EC%9A%A9%EB%A8%B8%EB%A6%AC%ED%95%B4%EC%95%88,https://www.instagram.com/p/DYQVv-OlsT5/?img_index=9
Suwolbong Geo-trail,수월봉 지질트레일,수월봉 지질트레일,Jeju,geo-trail / scenic trail,"Hangyeong-myeon, Jeju-si, Jeju",제주특별자치도 제주시 한경면 고산리 3760,High,https://map.naver.com/p/search/%EC%88%98%EC%9B%94%EB%B4%89%20%EC%A7%80%EC%A7%88%ED%8A%B8%EB%A0%88%EC%9D%BC,https://www.instagram.com/p/DYQVv-OlsT5/?img_index=9
Daepo Jusangjeolli,대포주상절리,대포주상절리,Jeju,columnar basalt cliffs,"Jungmun-dong, Seogwipo-si, Jeju",제주특별자치도 서귀포시 이어도로 36-24,High,https://map.naver.com/p/search/%EB%8C%80%ED%8F%AC%EC%A3%BC%EC%83%81%EC%A0%88%EB%A6%AC,https://www.instagram.com/p/DYQVv-OlsT5/?img_index=9
Geumneung Beach,금능해변,금능해수욕장,Jeju,beach,"Hallim-eup, Jeju-si, Jeju",제주특별자치도 제주시 한림읍 금능리,Check,https://map.naver.com/p/search/%EA%B8%88%EB%8A%A5%ED%95%B4%EC%88%98%EC%9A%95%EC%9E%A5,https://www.instagram.com/p/DYQVv-OlsT5/?img_index=9
Jejudang,제주당,제주당,Jeju,scenic spot,"Aewol-eup, Jeju-si, Jeju",제주특별자치도 제주시 애월읍 월각로 927,High,https://map.naver.com/p/search/%EC%A0%9C%EC%A3%BC%EB%8B%B9,https://www.instagram.com/p/DYQVv-OlsT5/?img_index=9
Seongsan Ilchulbong,성산일출봉,성산일출봉,Jeju,tuff cone / UNESCO sunrise peak,"Seongsan-eup, Seogwipo-si, Jeju",제주특별자치도 서귀포시 성산읍 성산리 1,High,https://map.naver.com/p/search/%EC%84%B1%EC%82%B0%EC%9D%BC%EC%B6%9C%EB%B4%89,https://www.instagram.com/p/DYQVv-OlsT5/?img_index=9
Gwangchigi Beach,광치기해변,광치기해변,Jeju,beach,"Seongsan-eup, Seogwipo-si, Jeju",제주특별자치도 서귀포시 성산읍 고성리 224-33,High,https://map.naver.com/p/search/%EA%B4%91%EC%B9%98%EA%B8%B0%ED%95%B4%EB%B3%80,https://www.instagram.com/p/DYQVv-OlsT5/?img_index=9
Taepyeong Restaurant,태평식당,태평식당,Jeju,pork bone hangover soup (haejangguk) restaurant,"Seogwipo-si, Jeju",제주특별자치도 서귀포시 태평로 452 1층 태평식당,High,https://map.naver.com/p/search/%ED%83%9C%ED%8F%89%EC%8B%9D%EB%8B%B9,https://www.instagram.com/reel/DX2pJ25TuD3/
Jokbal restaurants in Seoul (2 unnamed),,,Jokbal,jokbal (pig's trotters) restaurant,Seoul,,Unresolved,https://map.naver.com/p/search/Jokbal%20restaurants%20in%20Seoul%20%282%20unnamed%29,https://www.instagram.com/reel/DYSN-5cT7w5/
